,OCC_CODE,OCC_TITLE,OCC_GROUP,TOT_EMP,EMP_PRSE,H_MEAN,A_MEAN,MEAN_PRSE,H_PCT10,H_PCT25,H_MEDIAN,H_PCT75,H_PCT90,A_PCT10,A_PCT25,A_MEDIAN,A_PCT75,A_PCT90,ANNUAL,HOURLY,YEAR
1,11-0000,Management Occupations,major,6390430,0.2,52.2,108570,0.1,22.12,31.56,45.15,65.2,#,46000,65650,93910,135620,#,,,2012
70,13-0000,Business and Financial Operations Occupations,major,6419370,0.3,33.44,69550,0.2,16.88,22.28,30.05,40.61,53.5,35110,46340,62500,84470,111280,,,2012
128,15-0000,Computer and Mathematical Occupations,major,3578220,0.4,38.55,80180,0.3,19.39,26.55,36.67,48.4,60.55,40330,55220,76270,100670,125940,,,2012
161,17-0000,Architecture and Engineering Occupations,major,2356530,0.5,37.98,79000,0.3,19.45,26.16,35.35,46.81,59.52,40450,54420,73540,97370,123810,,,2012
221,19-0000,"Life, Physical, and Social Science Occupations",major,1104100,0.7,32.87,68360,0.7,15.06,20.35,28.89,41.18,55.38,31320,42330,60100,85660,115180,,,2012
292,21-0000,Community and Social Service Occupations,major,1882080,0.4,21.27,44240,0.4,11.21,14.57,19.42,26.52,34.36,23310,30310,40400,55160,71460,,,2012
319,23-0000,Legal Occupations,major,1023020,0.5,47.39,98570,0.6,16.8,23.15,36.19,62.57,#,34940,48150,75270,130130,#,,,2012
335,25-0000,"Education, Training, and Library Occupations",major,8374910,0.3,24.62,51210,0.5,9.94,14.66,22.13,30.85,41.54,20670,30490,46020,64170,86400,,,2012
431,27-0000,"Arts, Design, Entertainment, Sports, and Media Occupations",major,1750130,0.7,26.2,54490,0.8,9.42,13.76,21.12,32.16,46.12,19600,28630,43930,66890,95930,,,2012
493,29-0000,Healthcare Practitioners and Technical Occupations,major,7649930,0.3,35.35,73540,0.2,14.84,20.56,28.94,40.69,61.54,30870,42760,60200,84630,128000,,,2012
585,31-0000,Healthcare Support Occupations,major,3915460,0.4,13.36,27780,0.2,8.62,10.03,12.28,15.64,19.51,17920,20850,25550,32520,40590,,,2012
611,33-0000,Protective Service Occupations,major,3207790,0.4,20.7,43050,0.6,9.09,11.71,17.6,26.89,37.35,18910,24370,36620,55940,77680,,,2012
652,35-0000,Food Preparation and Serving Related Occupations,major,11546880,0.1,10.28,21380,0.2,7.84,8.38,9.1,11.11,14.6,16310,17430,18930,23120,30360,,,2012
686,37-0000,Building and Grounds Cleaning and Maintenance Occupations,major,4246260,0.3,12.34,25670,0.2,8.12,8.95,10.91,14.44,18.93,16890,18630,22690,30030,39360,,,2012
704,39-0000,Personal Care and Service Occupations,major,3810750,0.4,11.8,24550,0.2,7.96,8.66,10.02,13.1,18.21,16560,18010,20840,27250,37870,,,2012
766,41-0000,Sales and Related Occupations,major,13835090,0.2,18.26,37990,0.2,8.25,9.12,12.08,20.88,35.6,17170,18970,25120,43430,74040,,,2012
809,43-0000,Office and Administrative Support Occupations,major,21355350,0.1,16.54,34410,0.1,9.17,11.51,15.15,20.18,26.13,19070,23940,31510,41970,54350,,,2012
922,45-0000,"Farming, Fishing, and Forestry Occupations",major,427670,1.2,11.65,24230,0.5,8.23,8.65,9.31,12.97,18.64,17130,18000,19370,26970,38770,,,2012
949,47-0000,Construction and Extraction Occupations,major,4978290,0.3,21.61,44960,0.2,11.15,14.37,19.29,27.19,35.61,23190,29900,40120,56560,74070,,,2012
1053,49-0000,"Installation, Maintenance, and Repair Occupations",major,5069590,0.3,21.09,43870,0.1,10.92,14.56,19.72,26.63,33.69,22720,30290,41020,55390,70080,,,2012
1129,51-0000,Production Occupations,major,8594170,0.3,16.59,34500,0.2,9.02,11.05,14.87,20.26,27.11,18760,22990,30920,42140,56380,,,2012
1297,53-0000,Transportation and Material Moving Occupations,major,8771690,0.3,16.15,33590,0.3,8.56,10.06,13.92,19.41,26.83,17800,20930,28960,40380,55810,,,2012
1,11-0000,Management Occupations,major,6542950,0.2,53.15,110550,0.1,22.28,32.05,45.96,66.45,#,46340,66660,95600,138220,#,,,2013
70,13-0000,Business and Financial Operations Occupations,major,6658090,0.3,34.14,71020,0.2,17.14,22.67,30.67,41.38,54.64,35650,47160,63800,86070,113650,,,2013
128,15-0000,Computer and Mathematical Occupations,major,3696180,0.5,39.43,82010,0.5,19.56,26.96,37.43,49.86,62.79,40680,56070,77860,103700,130600,,,2013
161,17-0000,Architecture and Engineering Occupations,major,2380840,0.5,38.51,80100,0.2,19.68,26.51,35.83,47.55,60.7,40940,55140,74530,98910,126250,,,2013
221,19-0000,"Life, Physical, and Social Science Occupations",major,1135030,0.8,33.37,69400,0.4,15.24,20.63,29.26,41.9,55.9,31700,42900,60860,87160,116280,,,2013
292,21-0000,Community and Social Service Occupations,major,1901730,0.4,21.5,44710,0.3,11.35,14.79,19.62,26.76,34.76,23610,30770,40810,55660,72290,,,2013
319,23-0000,Legal Occupations,major,1041700,0.5,47.89,99620,0.5,17.04,23.5,36.59,63.24,#,35450,48880,76100,131530,#,,,2013
335,25-0000,"Education, Training, and Library Occupations",major,8400640,0.3,24.76,51500,0.5,10,14.66,22.19,31.01,41.83,20800,30490,46140,64500,87000,,,2013
431,27-0000,"Arts, Design, Entertainment, Sports, and Media Occupations",major,1758310,0.5,26.72,55580,0.8,9.57,14.05,21.45,32.77,47.43,19910,29220,44610,68150,98660,,,2013
493,29-0000,Healthcare Practitioners and Technical Occupations,major,7755810,0.3,35.93,74740,0.2,15.01,20.85,29.38,41.48,63.24,31220,43360,61120,86270,131530,,,2013
585,31-0000,Healthcare Support Occupations,major,3924390,0.4,13.61,28300,0.2,8.73,10.18,12.54,15.96,20.02,18150,21170,26080,33190,41640,,,2013
611,33-0000,Protective Service Occupations,major,3257690,0.4,20.92,43510,0.7,9.13,11.73,17.68,27.34,38.03,18990,24390,36770,56860,79100,,,2013
652,35-0000,Food Preparation and Serving Related Occupations,major,11914590,0.1,10.38,21580,0.2,7.89,8.42,9.15,11.19,14.73,16410,17500,19020,23270,30640,,,2013
686,37-0000,Building and Grounds Cleaning and Maintenance Occupations,major,4291410,0.3,12.51,26010,0.2,8.18,9.04,11.04,14.6,19.22,17020,18800,22970,30360,39980,,,2013
704,39-0000,Personal Care and Service Occupations,major,3986740,0.4,11.88,24710,0.2,8.01,8.71,10.1,13.16,18.29,16660,18110,21010,27370,38040,,,2013
766,41-0000,Sales and Related Occupations,major,14068190,0.2,18.37,38200,0.2,8.25,9.12,12.1,20.93,35.78,17160,18960,25160,43540,74430,,,2013
809,43-0000,Office and Administrative Support Occupations,major,21442800,0.1,16.78,34900,0.1,9.27,11.69,15.39,20.47,26.54,19290,24320,32010,42570,55200,,,2013
922,45-0000,"Farming, Fishing, and Forestry Occupations",major,435250,1.0,11.7,24330,0.5,8.25,8.67,9.32,13.05,18.77,17160,18020,19380,27150,39040,,,2013
949,47-0000,Construction and Extraction Occupations,major,5088030,0.3,21.94,45630,0.2,11.41,14.61,19.55,27.54,36.02,23720,30380,40670,57290,74920,,,2013
1053,49-0000,"Installation, Maintenance, and Repair Occupations",major,5138130,0.3,21.35,44420,0.1,11.01,14.69,19.92,26.95,34.18,22900,30550,41440,56050,71090,,,2013
1129,51-0000,Production Occupations,major,8765180,0.3,16.79,34930,0.2,9.08,11.17,15.03,20.5,27.44,18890,23240,31250,42650,57080,,,2013
1297,53-0000,Transportation and Material Moving Occupations,major,9005120,0.3,16.28,33860,0.3,8.59,10.1,13.99,19.6,27.08,17860,21010,29100,40760,56320,,,2013
1,11-0000,Management Occupations,major,6741640,0.2,54.08,112490,0.1,22.33,32.25,46.75,67.86,#,46440,67080,97230,141150,#,,,2014
70,13-0000,Business and Financial Operations Occupations,major,6828940,0.3,34.81,72410,0.2,17.31,23.02,31.15,42.16,55.95,36010,47880,64790,87700,116380,,,2014
128,15-0000,Computer and Mathematical Occupations,major,3834180,0.5,40.37,83970,0.5,19.78,27.36,38.18,51.12,64.66,41130,56920,79420,106330,134500,,,2014
161,17-0000,Architecture and Engineering Occupations,major,2418020,0.5,39.19,81520,0.2,20.01,26.95,36.43,48.52,61.92,41630,56060,75780,100910,128780,,,2014
221,19-0000,"Life, Physical, and Social Science Occupations",major,1144440,0.8,33.69,70070,0.4,15.47,20.91,29.55,42.33,56.64,32170,43490,61450,88040,117810,,,2014
292,21-0000,Community and Social Service Occupations,major,1930750,0.4,21.79,45310,0.4,11.53,15,19.85,27.06,35.22,23990,31190,41290,56290,73250,,,2014
319,23-0000,Legal Occupations,major,1052900,0.5,48.61,101110,0.6,17.23,23.94,36.95,64.15,#,35840,49790,76860,133430,#,,,2014
335,25-0000,"Education, Training, and Library Occupations",major,8435780,0.3,25.1,52210,0.5,10.11,14.88,22.43,31.36,42.4,21040,30940,46660,65220,88190,,,2014
431,27-0000,"Arts, Design, Entertainment, Sports, and Media Occupations",major,1793700,0.6,26.82,55790,0.6,9.71,14.16,21.72,33.02,47.6,20200,29450,45180,68680,99000,,,2014
493,29-0000,Healthcare Practitioners and Technical Occupations,major,7854380,0.3,36.54,76010,0.2,15.18,21.12,29.67,42.23,64.23,31570,43920,61710,87840,133600,,,2014
585,31-0000,Healthcare Support Occupations,major,3940500,0.4,13.86,28820,0.2,8.89,10.33,12.71,16.22,20.52,18480,21480,26440,33730,42690,,,2014
611,33-0000,Protective Service Occupations,major,3297180,0.4,21.14,43980,0.7,9.18,11.79,17.88,27.54,38.64,19090,24510,37180,57270,80360,,,2014
652,35-0000,Food Preparation and Serving Related Occupations,major,12277720,0.1,10.57,21980,0.2,7.97,8.48,9.2,11.38,15.12,16580,17630,19130,23660,31440,,,2014
686,37-0000,Building and Grounds Cleaning and Maintenance Occupations,major,4371450,0.3,12.68,26370,0.2,8.27,9.12,11.19,14.76,19.5,17200,18970,23270,30700,40560,,,2014
704,39-0000,Personal Care and Service Occupations,major,4154360,0.4,12.01,24980,0.2,8.09,8.78,10.22,13.26,18.48,16840,18250,21260,27580,38440,,,2014
766,41-0000,Sales and Related Occupations,major,14248470,0.2,18.59,38660,0.2,8.34,9.17,12.19,21.17,36.19,17340,19070,25360,44020,75280,,,2014
809,43-0000,Office and Administrative Support Occupations,major,21638470,0.2,17.08,35530,0.1,9.37,11.85,15.64,20.87,27.15,19480,24650,32520,43410,56460,,,2014
922,45-0000,"Farming, Fishing, and Forestry Occupations",major,447130,1.0,12.09,25160,0.5,8.35,8.81,9.74,13.71,19.45,17370,18330,20250,28520,40450,,,2014
949,47-0000,Construction and Extraction Occupations,major,5290270,0.3,22.4,46600,0.2,11.74,14.91,19.9,28.03,36.95,24430,31000,41380,58310,76860,,,2014
1053,49-0000,"Installation, Maintenance, and Repair Occupations",major,5244670,0.2,21.74,45220,0.1,11.16,14.9,20.25,27.43,34.88,23220,30980,42110,57060,72560,,,2014
1129,51-0000,Production Occupations,major,8934050,0.3,17.06,35490,0.2,9.22,11.36,15.25,20.83,27.85,19180,23630,31720,43320,57930,,,2014
1297,53-0000,Transportation and Material Moving Occupations,major,9249310,0.3,16.57,34460,0.3,8.71,10.25,14.2,19.97,27.62,18120,21330,29530,41530,57440,,,2014
1,11-0000,Management Occupations,major,6936990,0.2,55.3,115020,0.1,22.29,32.38,47.38,69.21,#,46370,67350,98560,143950,#,,,2015
70,13-0000,Business and Financial Operations Occupations,major,7032560,0.2,35.48,73800,0.2,17.49,23.36,31.59,42.89,57.18,36380,48580,65710,89200,118930,,,2015
128,15-0000,Computer and Mathematical Occupations,major,4005250,0.5,41.43,86170,0.5,20.12,27.94,39.15,52.64,66.55,41850,58120,81430,109490,138420,,,2015
161,17-0000,Architecture and Engineering Occupations,major,2475390,0.5,39.89,82980,0.3,20.18,27.26,36.96,49.38,63.16,41970,56700,76870,102710,131360,,,2015
221,19-0000,"Life, Physical, and Social Science Occupations",major,1146110,0.7,34.24,71220,0.4,15.67,21.22,29.88,42.85,57.78,32600,44130,62160,89120,120190,,,2015
292,21-0000,Community and Social Service Occupations,major,1972140,0.4,22.19,46160,0.4,11.81,15.28,20.2,27.48,35.85,24560,31780,42010,57150,74560,,,2015
319,23-0000,Legal Occupations,major,1062370,0.5,49.74,103460,0.6,17.41,24.31,37.58,65.22,#,36210,50560,78170,135660,#,,,2015
335,25-0000,"Education, Training, and Library Occupations",major,8542670,0.3,25.48,53000,0.4,10.24,15.01,22.7,31.76,43.28,21300,31220,47220,66060,90020,,,2015
431,27-0000,"Arts, Design, Entertainment, Sports, and Media Occupations",major,1843600,0.5,27.39,56980,0.5,9.91,14.41,22.19,33.66,48.71,20600,29980,46160,70020,101310,,,2015
493,29-0000,Healthcare Practitioners and Technical Occupations,major,8021800,0.3,37.4,77800,0.2,15.41,21.49,30.1,43.18,64.95,32050,44690,62610,89810,135090,,,2015
585,31-0000,Healthcare Support Occupations,major,3989910,0.4,14.19,29520,0.2,9.17,10.56,13,16.58,21.15,19080,21960,27040,34490,43990,,,2015
611,33-0000,Protective Service Occupations,major,3351620,0.4,21.45,44610,0.7,9.35,11.9,18.14,28.02,38.31,19440,24750,37730,58270,79690,,,2015
652,35-0000,Food Preparation and Serving Related Occupations,major,12577080,0.1,10.98,22850,0.2,8.13,8.73,9.41,11.75,16.04,16910,18160,19580,24450,33360,,,2015
686,37-0000,Building and Grounds Cleaning and Maintenance Occupations,major,4407050,0.3,13.02,27080,0.2,8.48,9.35,11.47,15.12,20.05,17650,19450,23860,31450,41690,,,2015
704,39-0000,Personal Care and Service Occupations,major,4307500,0.4,12.33,25650,0.2,8.27,9.06,10.5,13.59,18.88,17200,18830,21850,28260,39280,,,2015
766,41-0000,Sales and Related Occupations,major,14462120,0.2,18.9,39320,0.2,8.5,9.3,12.34,21.52,36.7,17680,19350,25660,44760,76340,,,2015
809,43-0000,Office and Administrative Support Occupations,major,21846420,0.2,17.47,36330,0.1,9.54,12.08,15.96,21.35,27.86,19840,25130,33200,44410,57950,,,2015
922,45-0000,"Farming, Fishing, and Forestry Occupations",major,454230,1.1,12.67,26360,0.5,9.02,9.27,10.46,14.32,19.93,18770,19280,21760,29790,41460,,,2015
949,47-0000,Construction and Extraction Occupations,major,5477820,0.3,22.88,47580,0.2,12.05,15.22,20.33,28.48,37.87,25050,31650,42280,59240,78770,,,2015
1053,49-0000,"Installation, Maintenance, and Repair Occupations",major,5374150,0.2,22.11,45990,0.1,11.37,15.13,20.57,27.88,35.58,23650,31480,42790,57990,74010,,,2015
1129,51-0000,Production Occupations,major,9073290,0.3,17.41,36220,0.2,9.45,11.59,15.51,21.26,28.4,19660,24100,32250,44210,59080,,,2015
1297,53-0000,Transportation and Material Moving Occupations,major,9536610,0.3,16.9,35160,0.3,8.98,10.51,14.47,20.35,28.01,18670,21850,30090,42320,58260,,,2015
1,11-0000,Management Occupations,major,7090790,0.2,56.74,118020,0.1,22.76,32.99,48.46,70.72,#,47330,68630,100790,147090,#,,,2016
70,13-0000,Business and Financial Operations Occupations,major,7281190,0.2,36.09,75070,0.2,17.74,23.78,31.99,43.47,58.13,36910,49460,66530,90410,120910,,,2016
128,15-0000,Computer and Mathematical Occupations,major,4165140,0.4,42.25,87880,0.4,20.51,28.42,39.82,53.7,67.91,42650,59120,82830,111690,141250,,,2016
161,17-0000,Architecture and Engineering Occupations,major,2499050,0.6,40.53,84300,0.3,20.46,27.66,37.45,50.06,64.15,42550,57540,77900,104130,133440,,,2016
221,19-0000,"Life, Physical, and Social Science Occupations",major,1152840,0.7,35.06,72930,0.4,16.03,21.67,30.45,43.78,59.27,33350,45060,63340,91060,123280,,,2016
292,21-0000,Community and Social Service Occupations,major,2019250,0.4,22.69,47200,0.4,12.1,15.59,20.67,28.02,36.65,25170,32420,42990,58280,76220,,,2016
319,23-0000,Legal Occupations,major,1075520,0.5,50.95,105980,0.6,17.62,24.78,38.3,66.46,#,36650,51530,79650,138240,#,,,2016
335,25-0000,"Education, Training, and Library Occupations",major,8636430,0.3,26.21,54520,0.5,10.49,15.3,23.08,32.42,44.66,21820,31830,48000,67430,92890,,,2016
431,27-0000,"Arts, Design, Entertainment, Sports, and Media Occupations",major,1902970,0.6,28.07,58390,0.5,10.2,14.69,22.69,34.33,49.69,21210,30560,47190,71410,103360,,,2016
493,29-0000,Healthcare Practitioners and Technical Occupations,major,8318500,0.4,38.06,79160,0.2,15.59,21.8,30.49,43.83,64.87,32430,45330,63420,91180,134930,,,2016
585,31-0000,Healthcare Support Occupations,major,4043480,0.4,14.65,30470,0.2,9.51,10.91,13.42,17.11,21.93,19780,22690,27910,35580,45620,,,2016
611,33-0000,Protective Service Occupations,major,3386360,0.4,22.03,45810,0.7,9.74,12.32,18.59,28.7,39.42,20260,25630,38660,59700,81980,,,2016
652,35-0000,Food Preparation and Serving Related Occupations,major,12981720,0.1,11.47,23850,0.2,8.28,8.94,10.01,12.34,16.92,17220,18600,20810,25680,35200,,,2016
686,37-0000,Building and Grounds Cleaning and Maintenance Occupations,major,4426090,0.3,13.47,28010,0.2,8.71,9.78,11.87,15.66,20.8,18120,20340,24700,32570,43260,,,2016
704,39-0000,Personal Care and Service Occupations,major,4514960,0.4,12.74,26510,0.2,8.45,9.29,10.92,14.02,19.47,17590,19320,22710,29170,40490,,,2016
766,41-0000,Sales and Related Occupations,major,14536530,0.2,19.5,40560,0.2,8.72,9.72,12.78,22.23,37.65,18150,20210,26590,46230,78300,,,2016
809,43-0000,Office and Administrative Support Occupations,major,22026080,0.2,17.91,37260,0.1,9.95,12.39,16.37,21.9,28.46,20700,25760,34050,45550,59190,,,2016
922,45-0000,"Farming, Fishing, and Forestry Occupations",major,463640,1.2,13.37,27810,0.5,9.32,10.01,11.3,14.87,20.6,19380,20810,23510,30930,42860,,,2016
949,47-0000,Construction and Extraction Occupations,major,5585420,0.3,23.51,48900,0.2,12.44,15.68,20.96,29.17,38.85,25880,32610,43610,60670,80820,,,2016
1053,49-0000,"Installation, Maintenance, and Repair Occupations",major,5456640,0.2,22.45,46690,0.1,11.63,15.37,20.89,28.24,36.11,24180,31970,43440,58740,75110,,,2016
1129,51-0000,Production Occupations,major,9105650,0.3,17.88,37190,0.2,9.96,11.98,15.93,21.81,28.99,20720,24920,33130,45360,60300,,,2016
1297,53-0000,Transportation and Material Moving Occupations,major,9731790,0.3,17.34,36070,0.4,9.21,10.91,14.78,20.76,28.5,19150,22680,30730,43170,59270,,,2016
1,11-0000,Management Occupations,major,7280330,0.2,57.65,119910,0.1,23.19,33.6,49.32,71.83,#,48220,69880,102590,149410,#,,,2017
70,13-0000,Business and Financial Operations Occupations,major,7472750,0.2,36.7,76330,0.2,18.12,24.25,32.55,44.22,59.13,37690,50450,67710,91970,123000,,,2017
126,15-0000,Computer and Mathematical Occupations,major,4261460,0.5,43.18,89810,0.4,20.95,29.02,40.66,54.87,69.63,43580,60360,84560,114130,144830,,,2017
158,17-0000,Architecture and Engineering Occupations,major,2516780,0.6,41.44,86190,0.3,20.87,28.21,38.07,51.06,65.93,43420,58690,79180,106200,137130,,,2017
218,19-0000,"Life, Physical, and Social Science Occupations",major,1148300,0.7,35.76,74370,0.4,16.38,22.17,31.01,44.64,60.11,34070,46110,64510,92850,125030,,,2017
289,21-0000,Community and Social Service Occupations,major,2096740,0.4,23.1,48050,0.4,12.35,15.89,21.08,28.51,37.19,25690,33050,43840,59300,77360,,,2017
315,23-0000,Legal Occupations,major,1095770,0.4,51.62,107370,0.6,17.77,25.17,38.5,67.39,#,36970,52340,80080,140170,#,,,2017
331,25-0000,"Education, Training, and Library Occupations",major,8727710,0.3,26.67,55470,0.5,10.71,15.42,23.43,33.09,45.62,22270,32070,48740,68830,94900,,,2017
427,27-0000,"Arts, Design, Entertainment, Sports, and Media Occupations",major,1925140,0.5,28.34,58950,0.4,10.6,15.03,23.19,34.94,49.91,22040,31260,48230,72680,103810,,,2017
489,29-0000,Healthcare Practitioners and Technical Occupations,major,8506740,0.3,38.83,80760,0.2,15.86,22.28,31.14,44.79,66.29,32990,46340,64770,93160,137890,,,2017
580,31-0000,Healthcare Support Occupations,major,4113410,0.4,15.05,31310,0.2,9.84,11.28,13.8,17.53,22.44,20470,23450,28710,36460,46680,,,2017
606,33-0000,Protective Service Occupations,major,3408680,0.4,22.69,47190,0.6,10.13,12.84,19.01,29.37,40.61,21070,26700,39550,61080,84470,,,2017
647,35-0000,Food Preparation and Serving Related Occupations,major,13193090,0.1,11.88,24710,0.2,8.38,9.15,10.53,12.96,17.48,17440,19040,21910,26960,36350,,,2017
681,37-0000,Building and Grounds Cleaning and Maintenance Occupations,major,4424440,0.3,13.91,28930,0.2,8.98,10.23,12.32,16.17,21.43,18680,21270,25620,33640,44570,,,2017
699,39-0000,Personal Care and Service Occupations,major,5159100,0.5,13.11,27270,0.2,8.7,9.74,11.35,14.27,19.79,18100,20270,23610,29680,41150,,,2017
759,41-0000,Sales and Related Occupations,major,14522580,0.2,19.56,40680,0.2,8.8,10.06,12.99,22.3,37.42,18310,20920,27020,46380,77820,,,2017
802,43-0000,Office and Administrative Support Occupations,major,21965480,0.1,18.24,37950,0.1,10.24,12.68,16.7,22.24,28.77,21300,26380,34740,46270,59850,,,2017
915,45-0000,"Farming, Fishing, and Forestry Occupations",major,470920,1.2,13.87,28840,0.5,9.85,10.46,11.73,15.42,21.15,20480,21760,24390,32060,43990,,,2017
942,47-0000,Construction and Extraction Occupations,major,5728460,0.3,24.01,49930,0.2,12.76,16.06,21.51,29.65,39.46,26540,33410,44730,61680,82080,,,2017
1045,49-0000,"Installation, Maintenance, and Repair Occupations",major,5528390,0.3,23.02,47870,0.1,12.08,15.78,21.4,28.83,36.89,25120,32830,44520,59970,76720,,,2017
1121,51-0000,Production Occupations,major,9024560,0.3,18.3,38070,0.2,10.27,12.36,16.34,22.26,29.46,21360,25720,33990,46290,61280,,,2017
1287,53-0000,Transportation and Material Moving Occupations,major,9978390,0.3,17.82,37070,0.4,9.55,11.36,15.19,21.31,29.05,19860,23630,31600,44310,60420,,,2017
1,11-0000,Management Occupations,major,7616650,0.2,58.44,121560,0.1,23.68,34.08,50.11,72.93,#,49260,70880,104240,151700,#,,,2018
70,13-0000,Business and Financial Operations Occupations,major,7721300,0.3,36.98,76910,0.2,18.33,24.53,32.86,44.65,59.44,38130,51020,68350,92870,123640,,,2018
126,15-0000,Computer and Mathematical Occupations,major,4384300,0.5,44.01,91530,0.4,21.41,29.64,41.51,55.98,71.12,44530,61640,86340,116440,147920,,,2018
158,17-0000,Architecture and Engineering Occupations,major,2556220,0.5,42.01,87370,0.3,21.33,28.72,38.55,51.81,66.98,44360,59750,80170,107760,139320,,,2018
218,19-0000,"Life, Physical, and Social Science Occupations",major,1171910,0.7,36.62,76160,0.4,16.85,22.74,31.77,45.77,61.22,35050,47310,66070,95210,127340,,,2018
289,21-0000,Community and Social Service Occupations,major,2171820,0.4,23.69,49280,0.3,12.75,16.3,21.62,29.04,37.86,26520,33910,44960,60390,78740,,,2018
315,23-0000,Legal Occupations,major,1127900,0.4,52.25,108690,0.6,18.04,25.47,38.85,68.12,#,37510,52970,80810,141700,#,,,2018
331,25-0000,"Education, Training, and Library Occupations",major,8779780,0.4,27.22,56620,0.5,10.99,15.65,23.89,33.91,46.67,22860,32550,49700,70530,97080,,,2018
427,27-0000,"Arts, Design, Entertainment, Sports, and Media Occupations",major,1951170,0.5,28.74,59780,0.5,10.99,15.39,23.7,35.43,50.36,22850,32010,49290,73690,104740,,,2018
489,29-0000,Healthcare Practitioners and Technical Occupations,major,8646730,0.3,39.42,82000,0.2,16.25,22.91,31.94,45.69,67.12,33800,47650,66440,95020,139620,,,2018
580,31-0000,Healthcare Support Occupations,major,4117450,0.4,15.57,32380,0.2,10.21,11.77,14.3,18.04,23.05,21240,24470,29740,37520,47950,,,2018
606,33-0000,Protective Service Occupations,major,3437410,0.4,23.36,48580,0.6,10.63,13.46,19.54,29.85,42.35,22110,28000,40640,62090,88090,,,2018
647,35-0000,Food Preparation and Serving Related Occupations,major,13374620,0.1,12.3,25580,0.2,8.49,9.33,11.09,13.59,17.96,17660,19410,23070,28270,37360,,,2018
681,37-0000,Building and Grounds Cleaning and Maintenance Occupations,major,4421980,0.3,14.43,30020,0.2,9.24,10.71,12.91,16.81,22.14,19220,22280,26840,34970,46040,,,2018
699,39-0000,Personal Care and Service Occupations,major,5451330,0.4,13.51,28090,0.2,8.86,10.21,11.74,14.64,20.23,18430,21240,24420,30450,42080,,,2018
759,41-0000,Sales and Related Occupations,major,14542290,0.2,20.09,41790,0.2,9.1,10.63,13.55,22.87,38.16,18920,22120,28180,47570,79370,,,2018
802,43-0000,Office and Administrative Support Occupations,major,21828990,0.2,18.75,38990,0.1,10.65,13.11,17.19,22.75,29.48,22150,27280,35760,47320,61330,,,2018
915,45-0000,"Farming, Fishing, and Forestry Occupations",major,480130,1.3,14.49,30140,0.5,10.41,11.05,12.2,16.08,22.27,21650,22980,25380,33460,46330,,,2018
939,47-0000,Construction and Extraction Occupations,major,5962640,0.2,24.62,51220,0.2,13.16,16.55,22.12,30.17,40.3,27380,34420,46010,62760,83820,,,2018
1042,49-0000,"Installation, Maintenance, and Repair Occupations",major,5628880,0.3,23.54,48960,0.1,12.43,16.15,21.89,29.31,37.57,25860,33590,45540,60950,78140,,,2018
1118,51-0000,Production Occupations,major,9115530,0.3,18.84,39190,0.2,10.66,12.89,16.86,22.82,30.03,22180,26820,35070,47470,62460,,,2018
1284,53-0000,Transportation and Material Moving Occupations,major,10244260,0.3,18.41,38290,0.4,9.94,11.87,15.74,21.96,29.75,20670,24700,32730,45670,61870,,,2018
1,,Management Occupations,major,8054120,0.2,58.88,122480,0.1,24.03,34.35,50.8,74.16,#,49990,71460,105660,154260,#,,,2019
67,,Business and Financial Operations Occupations,major,8183750,0.2,37.56,78130,0.2,18.76,25.06,33.57,45.61,60.6,39020,52130,69820,94870,126040,,,2019
118,,Computer and Mathematical Occupations,major,4552880,0.4,45.08,93760,0.5,21.79,30.22,42.47,57.47,73.08,45320,62850,88340,119550,152010,,,2019
148,,Architecture and Engineering Occupations,major,2592680,0.5,42.69,88800,0.3,21.77,29.28,39.15,52.87,68.56,45280,60910,81440,109970,142610,,,2019
208,,"Life, Physical, and Social Science Occupations",major,1288920,0.7,37.28,77540,0.4,17.62,23.73,32.77,46.24,61.59,36640,49360,68160,96180,128100,,,2019
284,,Community and Social Service Occupations,major,2244310,0.4,24.27,50480,0.4,13.25,16.78,22.16,29.51,38.39,27550,34890,46090,61380,79850,,,2019
310,,Legal Occupations,major,1150780,0.5,52.71,109630,0.6,18.33,25.82,39.34,69.12,#,38130,53710,81820,143780,#,,,2019
325,,Educational Instruction and Library Occupations,major,8886600,0.4,27.75,57710,0.5,11.33,15.87,24.42,34.79,47.73,23570,33010,50790,72370,99270,,,2019
419,,"Arts, Design, Entertainment, Sports, and Media Occupations",major,2017810,0.7,29.79,61960,0.7,11.49,16.02,24.59,36.53,52.33,23890,33310,51150,75980,108840,,,2019
477,,Healthcare Practitioners and Technical Occupations,major,8673140,0.3,40.21,83640,0.2,16.65,23.55,32.78,46.83,69.41,34630,48990,68190,97400,144370,,,2019
557,,Healthcare Support Occupations,major,6521790,0.3,14.91,31010,0.2,10,11.57,13.69,17.06,21.68,20800,24070,28470,35480,45100,,,2019
584,,Protective Service Occupations,major,3498800,0.4,23.98,49880,0.6,11.16,14.02,19.99,30.43,43.68,23210,29150,41580,63290,90850,,,2019
625,,Food Preparation and Serving Related Occupations,major,13494590,0.2,12.82,26670,0.2,8.62,9.56,11.65,14.31,18.59,17940,19890,24220,29770,38660,,,2019
658,,Building and Grounds Cleaning and Maintenance Occupations,major,4429100,0.3,15.03,31250,0.2,9.55,11.24,13.62,17.55,22.92,19860,23390,28330,36510,47670,,,2019
676,,Personal Care and Service Occupations,major,3303200,0.5,15.03,31260,0.2,8.95,10.41,12.61,17.25,24.49,18610,21650,26220,35880,50940,,,2019
728,,Sales and Related Occupations,major,14371410,0.2,20.7,43060,0.2,9.41,11.2,14.24,23.59,38.95,19570,23300,29630,49060,81020,,,2019
771,,Office and Administrative Support Occupations,major,19528250,0.2,19.73,41040,0.1,11.44,14.14,18.07,23.75,30.41,23790,29400,37580,49390,63260,,,2019
880,,"Farming, Fishing, and Forestry Occupations",major,484750,1.3,15.07,31340,0.5,11,11.62,13.07,16.72,22.83,22880,24180,27180,34780,47480,,,2019
904,,Construction and Extraction Occupations,major,6194140,0.3,25.28,52580,0.2,13.66,17.08,22.8,30.74,41.26,28420,35530,47430,63940,85810,,,2019
1001,,"Installation, Maintenance, and Repair Occupations",major,5713450,0.3,24.1,50130,0.1,12.86,16.6,22.42,29.77,38.24,26740,34530,46630,61930,79540,,,2019
1076,,Production Occupations,major,9158980,0.3,19.3,40140,0.2,11.14,13.39,17.31,23.21,30.41,23160,27860,36000,48270,63250,,,2019
1243,,Transportation and Material Moving Occupations,major,12532030,0.3,18.23,37920,0.3,10.21,12.12,15.6,21.45,29.25,21240,25220,32440,44610,60830,,,2019
1,11-0000,Management Occupations,major,7947300,0.2,60.81,126480,0.2,24.84,35.7,52.77,76.71,#,51670,74250,109760,159550,#,,,2020
67,13-0000,Business and Financial Operations Occupations,major,8387490,0.2,38.79,80680,0.2,19.38,25.74,34.73,47.31,62.68,40310,53550,72250,98390,130380,,,2020
118,15-0000,Computer and Mathematical Occupations,major,4587700,0.5,46.53,96770,0.5,22.31,31.12,43.92,59.44,75.54,46400,64730,91350,123640,157120,,,2020
148,17-0000,Architecture and Engineering Occupations,major,2515040,0.5,43.41,90300,0.3,22.21,29.87,39.98,53.83,69.27,46190,62120,83160,111960,144090,,,2020
208,19-0000,"Life, Physical, and Social Science Occupations",major,1296060,0.7,38.15,79360,0.4,17.76,24.05,33.54,47.6,63.64,36930,50020,69760,99010,132370,,,2020
284,21-0000,Community and Social Service Occupations,major,2231070,0.5,25.09,52180,0.4,13.91,17.38,22.85,30.42,39.64,28940,36140,47520,63260,82450,,,2020
310,23-0000,Legal Occupations,major,1154740,0.5,54,112320,0.7,18.78,26.39,40.82,71.32,#,39070,54880,84910,148340,#,,,2020
325,25-0000,Educational Instruction and Library Occupations,major,8446910,0.4,28.75,59810,0.5,11.91,16.46,25.18,35.78,49.31,24770,34250,52380,74430,102570,,,2020
419,27-0000,"Arts, Design, Entertainment, Sports, and Media Occupations",major,1857500,0.7,30.96,64400,0.7,12.25,16.82,25.55,37.93,54.63,25490,34980,53150,78900,113630,,,2020
477,29-0000,Healthcare Practitioners and Technical Occupations,major,8579180,0.3,41.3,85900,0.2,17.11,24.16,33.59,47.95,71.5,35580,50250,69870,99740,148720,,,2020
557,31-0000,Healthcare Support Occupations,major,6440880,0.4,15.5,32250,0.2,10.31,12.26,14.4,17.74,22.3,21450,25490,29960,36900,46380,,,2020
584,33-0000,Protective Service Occupations,major,3351180,0.4,25.11,52220,0.7,11.88,14.82,21.02,31.77,45.2,24710,30820,43710,66090,94020,,,2020
625,35-0000,Food Preparation and Serving Related Occupations,major,11262850,0.2,13.3,27650,0.2,8.78,9.8,12.26,14.91,19.05,18260,20380,25500,31020,39630,,,2020
658,37-0000,Building and Grounds Cleaning and Maintenance Occupations,major,4090370,0.3,15.75,32760,0.2,9.95,11.89,14.39,18.34,23.89,20700,24730,29940,38150,49690,,,2020
676,39-0000,Personal Care and Service Occupations,major,2696340,0.5,15.68,32610,0.2,9.21,10.99,13.52,17.99,25.08,19160,22870,28120,37410,52180,,,2020
728,41-0000,Sales and Related Occupations,major,13120320,0.2,22,45750,0.2,9.85,11.89,15.15,24.94,41.47,20490,24740,31500,51880,86270,,,2020
771,43-0000,Office and Administrative Support Occupations,major,18548360,0.2,20.38,42390,0.1,12.1,14.69,18.62,24.4,31.26,25170,30560,38720,50760,65020,,,2020
880,45-0000,"Farming, Fishing, and Forestry Occupations",major,478770,1.2,16.02,33310,0.4,11.58,13.02,14.27,17.28,23.53,24090,27070,29670,35950,48950,,,2020
904,47-0000,Construction and Extraction Occupations,major,5937830,0.3,25.93,53940,0.2,14.12,17.57,23.37,31.46,42.24,29360,36540,48610,65440,87870,,,2020
1001,49-0000,"Installation, Maintenance, and Repair Occupations",major,5486930,0.3,25.17,52360,0.1,13.55,17.36,23.44,31,39.78,28190,36100,48750,64490,82730,,,2020
1076,51-0000,Production Occupations,major,8519410,0.3,20.08,41760,0.2,11.85,14.12,18,24,31.41,24650,29360,37440,49910,65330,,,2020
1243,53-0000,Transportation and Material Moving Occupations,major,12163360,0.3,19.08,39680,0.3,10.81,13.02,16.38,22.32,30.32,22490,27070,34080,46430,63050,,,2020
1,11-0000,Management Occupations,major,8909910,0.2,59.31,123370,0.3,23.01,35.92,49.25,77.39,#,47860,74710,102450,160960,#,,,2021
74,13-0000,Business and Financial Operations Occupations,major,9053790,0.2,39.72,82610,0.2,18.78,25.68,36.81,48.19,62.8,39060,53410,76570,100220,130620,,,2021
132,15-0000,Computer and Mathematical Occupations,major,4654750,0.4,48.01,99860,0.3,22.8,30.09,46.9,61.55,78.67,47430,62590,97540,128030,163640,,,2021
168,17-0000,Architecture and Engineering Occupations,major,2436520,0.3,44.1,91740,0.3,22.83,29.55,38.39,54.11,71.37,47490,61470,79840,112550,148460,,,2021
229,19-0000,"Life, Physical, and Social Science Occupations",major,1273640,0.5,38.81,80730,0.5,18.19,23.78,34.97,48.19,63.09,37830,49460,72740,100230,131230,,,2021
308,21-0000,Community and Social Service Occupations,major,2239680,0.4,25.94,53960,0.3,14.64,18.22,23.28,30.07,38.62,30440,37890,48410,62550,80320,,,2021
334,23-0000,Legal Occupations,major,1178140,0.5,54.38,113100,1,18.57,28.08,39.63,75.43,#,38620,58400,82430,156900,#,,,2021
349,25-0000,Educational Instruction and Library Occupations,major,8191930,0.2,29.88,62140,0.3,13.61,17.84,27.51,37.09,48.23,28320,37110,57220,77150,100310,,,2021
446,27-0000,"Arts, Design, Entertainment, Sports, and Media Occupations",major,1815290,0.5,31.78,66100,1.5,13.95,17.92,24.61,38.08,58.86,29010,37270,51190,79200,122420,,,2021
508,29-0000,Healthcare Practitioners and Technical Occupations,major,8787730,0.2,43.8,91100,0.3,17.76,23.41,36.08,48,74.43,36930,48700,75040,99840,154810,,,2021
610,31-0000,Healthcare Support Occupations,major,6603680,0.2,16.02,33330,0.2,11,13.72,14.37,17.91,22.58,22890,28540,29880,37240,46960,,,2021
637,33-0000,Protective Service Occupations,major,3385030,0.3,25.68,53420,0.3,13.16,15.12,22.4,31.06,46.59,27370,31450,46590,64610,96900,,,2021
680,35-0000,Food Preparation and Serving Related Occupations,major,11201480,0.2,14.16,29450,0.4,8.89,10.82,13.65,15.05,18.9,18480,22500,28400,31300,39320,,,2021
713,37-0000,Building and Grounds Cleaning and Maintenance Occupations,major,4108810,0.3,16.23,33750,0.2,10.9,13.07,14.54,18.19,23.06,22660,27180,30240,37840,47960,,,2021
731,39-0000,Personal Care and Service Occupations,major,2566440,0.6,16.17,33620,0.5,9.52,11.33,14.16,18.05,23.76,19810,23560,29450,37540,49410,,,2021
791,41-0000,Sales and Related Occupations,major,13256290,0.3,22.15,46080,0.2,10.74,12.92,14.71,23.55,39.28,22330,26870,30600,48980,81710,,,2021
834,43-0000,Office and Administrative Support Occupations,major,18299380,0.1,20.88,43430,0.1,13.47,14.51,18.29,23.31,30.01,28010,30180,38050,48490,62420,,,2021
943,45-0000,"Farming, Fishing, and Forestry Occupations",major,452490,0.8,16.7,34730,0.7,12.98,14,14.36,17.86,23.14,26990,29120,29860,37140,48140,,,2021
967,47-0000,Construction and Extraction Occupations,major,5848950,0.2,26.87,55900,0.3,14.46,18.12,23.18,30.75,44.75,30080,37680,48210,63960,93080,,,2021
1070,49-0000,"Installation, Maintenance, and Repair Occupations",major,5574410,0.2,25.66,53380,0.2,14.2,17.93,23.05,29.81,38.2,29540,37280,47940,62000,79460,,,2021
1145,51-0000,Production Occupations,major,8408030,0.2,20.71,43070,0.2,13.26,14.44,18.13,23.23,29.96,27590,30040,37710,48310,62310,,,2021
1312,53-0000,Transportation and Material Moving Occupations,major,12639920,0.2,19.88,41340,0.2,11.45,14.19,17.72,22.88,29.72,23820,29520,36860,47590,61820,,,2021
