Region,Year,Month,Food,Alcoholic_beverages,Housing,Apparel,Transportation,Healthcare,Entertainment,Education_and_communication,Other_goods_and_services
Western,2012,Jan,233.891,232.066,230.442,115.737,209.836,415.36,109.078,133.809,384.169
Western,2012,Feb,233.781,234.358,231.045,116.575,213.387,417.828,108.919,133.901,383.57
Western,2012,Mar,234.271,233.706,231.487,119.935,221.749,418.91,109.057,134.127,383.518
Western,2012,Apr,234.633,233.049,231.797,121.428,222.885,419.221,109.074,134.138,384.769
Western,2012,May,234.519,233.445,232.514,120.922,224.095,421.174,108.698,134.372,383.651
Western,2012,Jun,234.931,234.692,232.888,119.036,220.703,421.702,109.553,134.196,385.919
Western,2012,Jul,234.845,234.721,233.294,116.488,215.526,423.63,109.374,134.7,387.176
Western,2012,Aug,235.645,234.845,233.907,116.577,218.676,424.628,109.847,135.165,388.599
Western,2012,Sep,235.776,236.482,234.072,121.577,221.311,425.591,110.131,135.992,387.911
Western,2012,Oct,235.957,235.369,234.624,124.434,223.917,426.554,109.771,135.842,387.823
Western,2012,Nov,235.971,235.412,234.321,122.837,215.543,426.189,109.462,135.882,387.87
Western,2012,Dec,236.839,235.504,234.593,117.782,210.344,425.028,108.762,136.026,387.007
Western,2012,Annual,235.088,234.471,232.915,119.444,218.164,422.151,109.31,134.846,385.999
Western,2013,Jan,237.867,236.665,235.561,119.393,209.774,426.442,108.858,136.417,389.141
Western,2013,Feb,237.492,238.163,236.31,119.349,217.394,429.214,109.587,136.754,388.764
Western,2013,Mar,237.726,237.879,236.863,121.587,219.818,429.228,109.928,137.037,388.224
Western,2013,Apr,238.352,237.702,237.365,122.408,218.426,426.93,109.67,136.519,390.386
Western,2013,May,237.808,237.261,238.581,121.298,219.534,426.507,109.557,136.554,389.286
Western,2013,Jun,237.807,238.84,238.959,119.678,220.278,428.974,109.232,136.234,391.675
Western,2013,Jul,238.129,239.283,239.295,117.636,220.563,429.398,109.095,136.527,391.28
Western,2013,Aug,237.877,238.587,240.165,117.427,218.878,431.207,109.281,137.454,393.705
Western,2013,Sep,238.805,238.331,240.573,120.72,218.372,431.883,109.363,138.014,394.034
Western,2013,Oct,239.364,238.972,241.131,122.539,215.056,432.096,109.421,138.037,392.232
Western,2013,Nov,239.412,238.78,240.972,120.13,211.258,432.683,109.6,137.86,393.869
Western,2013,Dec,239.659,239.329,241.566,118.2,210.066,432.921,109.068,138.305,394.66
Western,2013,Annual,238.358,238.316,238.945,120.03,216.618,429.79,109.388,137.143,391.438
Western,2014,Jan,240.272,239.972,242.381,116.701,210.95,435.73,109.104,138.29,395.315
Western,2014,Feb,241.015,239.641,243.007,117.176,212.69,438.595,109.565,138.222,397.815
Western,2014,Mar,241.869,239.94,243.713,121.101,217.079,438.157,109.91,138.305,397.667
Western,2014,Apr,242.718,239.96,242.815,123.012,221.453,437.756,110.633,138.348,398.038
Western,2014,May,244.112,240.886,245.24,122.019,223.474,439.753,110.399,138.345,397.42
Western,2014,Jun,243.751,239.503,246.075,122.001,223.193,440.898,110.373,138.455,396.164
Western,2014,Jul,245.036,239.247,247.034,118.482,222.358,440.896,110.377,138.469,398.041
Western,2014,Aug,246.437,242.485,247.359,119.706,218.606,440.232,110.146,138.755,399.953
Western,2014,Sep,246.789,242.517,248.005,123.108,216.202,442.039,110.199,139.189,400.006
Western,2014,Oct,247.685,242.407,248.766,123.77,212.341,441.619,110.306,138.608,399.301
Western,2014,Nov,247.84,243.905,248.633,120.544,205.842,443.823,109.476,138.279,398.965
Western,2014,Dec,248.803,243.682,249.072,116.587,198.919,446.377,109.058,138.071,399.426
Western,2014,Annual,244.694,241.179,246.008,120.351,215.259,440.49,109.962,138.445,398.176
Western,2015,Jan,249.403,243.463,250.123,116.559,190.929,447.286,109.062,138.286,401.012
Western,2015,Feb,249.263,243.604,251.248,118.718,194.638,449.719,109.61,138.439,401.142
Western,2015,Mar,248.4,243.357,251.885,121.096,203.799,450.675,109.869,138.151,401.413
Western,2015,Apr,248.641,242.818,252.715,121.179,203.645,456.01,109.966,138.366,402.053
Western,2015,May,248.429,243.962,253.79,120.486,212.655,455.768,110.491,137.667,401.752
Western,2015,Jun,249.018,243.043,254.543,117.569,212.102,453.453,111.025,137.813,402.541
Western,2015,Jul,249.229,243.237,255.592,116.12,213.79,455.089,111.03,137.604,402.499
Western,2015,Aug,250.045,243.187,256.383,117.732,209.616,451.436,110.834,138.013,401.912
Western,2015,Sep,251.679,242.815,256.858,120.484,202.729,451.886,110.837,138.557,403.489
Western,2015,Oct,252.711,245.569,257.502,121.277,198.551,456.524,111.405,138.708,405.842
Western,2015,Nov,251.951,245.827,257.121,118.848,197.083,458.708,111.266,138.879,405.941
Western,2015,Dec,251.3,245.138,258.106,115.729,195.062,459.224,110.725,138.66,406.063
Western,2015,Annual,250.006,243.835,254.656,118.816,202.883,453.815,110.51,138.262,402.972
Western,2016,Jan,252.408,247.478,259.985,116.407,194.907,460.641,111.498,138.896,406.263
Western,2016,Feb,252.966,248.67,261.126,119.697,190.635,466.39,111.764,138.429,405.812
Western,2016,Mar,251.882,247.52,261.671,120.739,193.69,464.715,111.247,138.53,406.765
Western,2016,Apr,252.003,248.907,261.967,121.463,198.203,466.222,111.985,138.508,407.45
Western,2016,May,251.885,247.867,263.822,121.088,200.605,468.86,112.233,138.117,407.586
Western,2016,Jun,251.582,247.14,264.688,118.627,202.092,469.404,111.839,137.905,407.374
Western,2016,Jul,251.483,246.919,265.868,116.579,200.972,469.671,112.01,137.394,408.712
Western,2016,Aug,251.125,247.565,266.962,119.204,197.258,472.902,112.195,137.84,408.664
Western,2016,Sep,251.334,248.625,268.004,121.771,197.574,473.509,112.587,137.231,410.321
Western,2016,Oct,251.766,250.423,269.287,122.54,198.088,473.706,112.1,137.05,409.272
Western,2016,Nov,250.877,250.874,269.068,120.424,197.566,473.402,111.75,137.293,410.257
Western,2016,Dec,251.372,250.74,270.315,115.54,196.162,474.889,111.583,137.192,411.13
Western,2016,Annual,251.724,248.561,265.23,119.507,197.313,469.526,111.899,137.865,408.301
Western,2017,Jan,252.229,252.864,271.486,116.279,199.001,476.005,112.584,136.46,411.956
Western,2017,Feb,253.451,253.216,272.828,120.784,201.03,474.386,112.937,137.112,412.154
Western,2017,Mar,254.222,253.051,273.355,121.617,203.506,475.647,112.93,135.53,411.921
Western,2017,Apr,254.883,254.621,274.112,120.457,205.005,476.828,112.899,135.177,424.946
Western,2017,May,254.852,253.89,275.281,118.822,206.275,476.778,112.904,135.176,423.336
Western,2017,Jun,254.22,252.768,275.972,117.509,206.034,476.913,112.582,135.408,425.12
Western,2017,Jul,255.101,252.643,277.11,116.565,203.452,479.489,112.62,135.565,427.393
Western,2017,Aug,255.086,252.515,278.205,117.12,203.809,480.581,112.431,135.778,425.773
Western,2017,Sep,256.226,253.075,278.592,120.642,206.646,482.243,112.813,136.162,425.862
Western,2017,Oct,255.59,254.567,280.172,122.676,205.592,483.541,113.238,136.464,428.217
Western,2017,Nov,255.236,255.17,279.617,118.553,207.818,484.696,113.144,136.503,428.094
Western,2017,Dec,256.154,255.996,280.79,114.047,207.212,484.898,113.486,136.336,425.924
Western,2017,Annual,254.771,253.698,276.46,118.756,204.615,479.334,112.881,135.973,422.558
Western,2018,Jan,257.498,256.442,282.103,116.516,208.49,487.607,113.466,136.314,428.382
Western,2018,Feb,257.364,256.715,283.071,120.338,211.782,488.655,113.538,135.575,433.833
Western,2018,Mar,258.26,257.254,283.968,120.474,213.377,491.089,114.298,135.674,433.408
Western,2018,Apr,258.887,259.285,284.763,120.914,216.897,491.184,113.495,135.561,434.942
Western,2018,May,258.727,259.074,285.962,118.82,220.592,493.298,114.078,135.799,434.75
Western,2018,Jun,258.236,260.296,286.923,115.992,221.744,496.224,114.081,135.789,436.019
Western,2018,Jul,258.957,261.082,287.898,116.023,220.363,496.037,113.911,136.063,436.007
Western,2018,Aug,259.839,260.135,288.932,116.614,219.235,494.151,114.002,137.172,436.312
Western,2018,Sep,259.955,260.6,289.398,120.996,219.326,495.094,113.933,138.175,437.335
Western,2018,Oct,260.593,261.592,290.099,121.809,222.181,496.643,114.16,138.038,438.842
Western,2018,Nov,260.931,261.725,290.141,117.2,221.074,498.112,114.244,136.678,440.655
Western,2018,Dec,261.855,263.056,291.204,113.373,215.713,500.699,115.33,137.114,439.672
Western,2018,Annual,259.259,259.771,287.039,118.256,217.565,494.066,114.045,136.496,435.846
Western,2019,Jan,263.047,263.861,292.683,114.914,212.839,502.208,115.443,136.832,441.881
Western,2019,Feb,263.967,264.525,293.93,116.537,212.308,502.117,114.556,137.144,443.306
Western,2019,Mar,264.503,264.272,295.049,117.775,214.635,503.464,114.948,136.896,444.421
Western,2019,Apr,265.213,263.201,295.968,118.039,222.493,507.429,115.022,136.774,445.412
Western,2019,May,265.728,263.539,297.487,116.675,226.846,507.396,114.357,136.854,446.49
Western,2019,Jun,265.176,264.303,298.844,116.627,224.419,507.872,114.477,137.108,446.371
Western,2019,Jul,265.82,264.692,300.107,114.572,221.551,509.995,114.362,137.607,448.392
Western,2019,Aug,265.531,264.307,301.0,115.22,219.655,513.165,114.405,138.033,450.917
Western,2019,Sep,266.87,264.029,301.774,120.198,219.408,512.817,114.847,138.154,449.522
Western,2019,Oct,267.487,262.665,302.144,119.233,223.674,521.163,115.627,137.928,451.586
Western,2019,Nov,267.107,260.173,301.908,114.668,223.156,523.141,115.738,138.301,455.293
Western,2019,Dec,267.425,259.502,302.112,113.21,218.713,530.506,116.187,137.914,453.836
Western,2019,Annual,265.656,263.256,298.584,116.472,219.975,511.773,114.997,137.462,448.119
Western,2020,Jan,268.822,262.106,303.45,115.274,216.625,533.905,116.687,137.876,456.835
Western,2020,Feb,270.567,264.063,305.03,117.068,216.984,533.413,116.291,138.112,458.649
Western,2020,Mar,271.492,265.791,304.886,116.235,213.878,536.698,116.013,138.229,459.989
Western,2020,Apr,275.641,270.351,305.807,112.484,204.37,535.571,115.634,138.623,460.098
Western,2020,May,277.148,270.519,307.387,109.115,200.154,538.722,116.986,138.681,459.898
Western,2020,Jun,278.995,271.064,307.52,109.226,204.029,540.943,116.512,138.505,461.65
Western,2020,Jul,278.597,268.402,308.454,109.244,209.147,544.125,115.497,140.134,461.65
Western,2020,Aug,280.333,269.351,308.782,111.588,210.669,544.247,115.718,140.519,458.151
Western,2020,Sep,280.332,268.566,308.769,114.364,210.598,543.151,115.061,140.343,457.191
Western,2020,Oct,281.114,270.735,308.892,114.301,211.599,540.015,116.023,140.777,458.694
Western,2020,Nov,280.006,273.357,308.596,112.429,212.04,539.106,117.628,141.387,459.954
Western,2020,Dec,281.33,272.69,308.596,109.417,211.613,537.478,116.617,141.355,461.308
Western,2020,Annual,277.031,268.916,307.181,112.562,210.142,538.948,116.222,139.545,459.506
Western,2021,Jan,281.443,273.44,309.31,111.966,213.427,539.245,114.324,140.694,469.789
Western,2021,Feb,282.643,272.459,310.182,113.304,216.515,539.796,115.448,141.118,473.042
Western,2021,Mar,282.984,273.293,311.022,114.734,223.648,541.39,116.717,139.985,472.339
Western,2021,Apr,284.914,273.669,312.588,116.236,232.073,544.218,117.684,140.214,473.215
Western,2021,May,286.396,274.803,314.363,115.403,239.342,542.235,118.207,140.499,473.656
Western,2021,Jun,288.239,276.072,315.145,115.707,248.397,540.688,119.441,140.538,475.949
Western,2021,Jul,291.398,275.127,316.374,115.154,251.485,541.222,120.253,140.4,476.463
Western,2021,Aug,291.915,276.575,317.48,117.294,249.282,542.553,121.615,140.721,476.138
Western,2021,Sep,293.563,278.304,319.019,119.128,246.721,543.062,121.185,142.224,476.856
Western,2021,Oct,296.297,280.104,321.344,120.233,249.555,546.468,122.423,142.045,483.228
Western,2021,Nov,298.117,279.885,322.805,118.244,253.907,549.444,122.099,141.856,483.489
Western,2021,Dec,299.237,281.17,324.675,116.739,256.142,548.403,121.371,141.473,486.793
Western,2021,Annual,289.762,276.242,316.192,116.179,240.041,543.227,119.231,140.981,476.746
Western,2022,Jan,302.139,283.61,327.42,118.771,258.937,555.913,122.247,141.489,485.277
Western,2022,Feb,305.426,285.027,329.267,123.871,261.97,561.235,122.253,141.868,490.764
Western,2022,Mar,308.084,286.615,331.428,124.64,274.446,562.215,123.43,141.415,493.279
Western,2022,Apr,310.827,288.754,333.144,122.895,279.914,563.983,122.587,141.206,497.305
Western,2022,May,314.456,288.689,335.311,122.382,285.185,566.873,122.49,141.034,499.546
Western,2022,Jun,318.838,290.005,337.805,122.336,295.312,567.25,123.361,141.8,500.908
Western,2022,Jul,321.428,288.488,339.184,121.815,292.198,568.682,124.108,141.617,504.605
Western,2022,Aug,323.582,289.581,341.297,123.502,283.159,575.535,124.64,142.874,508.756
Western,2022,Sep,325.368,289.606,343.325,125.596,281.109,581.386,124.771,143.433,506.461
Western,2022,Oct,327.312,293.879,345.092,125.343,287.321,578.273,125.367,143.188,509.802
Northeast,2012,Jan,238.836,239.904,249.682,124.574,210.72,432.393,119.038,134.604,422.311
Northeast,2012,Feb,238.752,239.81,249.965,126.113,213.5,433.449,119.782,134.554,424.249
Northeast,2012,Mar,238.732,239.942,250.557,131.208,217.01,433.803,119.597,134.562,426.251
Northeast,2012,Apr,238.657,239.846,250.511,132.085,220.249,435.762,119.606,134.626,426.733
Northeast,2012,May,239.892,240.264,250.64,130.99,218.237,437.27,119.673,134.814,426.18
Northeast,2012,Jun,239.798,241.963,251.619,126.999,214.475,437.098,119.88,134.973,427.178
Northeast,2012,Jul,239.952,242.071,251.688,125.107,213.659,438.18,119.766,134.788,427.746
Northeast,2012,Aug,240.308,241.123,252.171,129.468,216.851,439.433,119.586,135.46,428.773
Northeast,2012,Sep,240.456,241.443,252.626,134.271,219.435,440.739,119.649,136.129,428.374
Northeast,2012,Oct,240.928,242.479,252.608,133.745,219.488,442.157,119.593,136.374,430.038
Northeast,2012,Nov,241.348,241.671,253.107,132.11,216.923,440.321,119.708,135.974,428.698
Northeast,2012,Dec,241.343,241.849,253.294,127.979,214.789,439.991,119.549,135.752,429.778
Northeast,2012,Annual,239.917,241.03,251.539,129.554,216.278,437.55,119.619,135.218,427.192
Northeast,2013,Jan,242.947,242.663,254.299,126.919,214.909,441.43,120.172,136.358,430.507
Northeast,2013,Feb,242.461,244.299,254.836,129.525,219.243,444.784,120.922,136.452,431.003
Northeast,2013,Mar,242.001,244.217,254.689,130.408,220.03,445.676,120.445,136.477,430.72
Northeast,2013,Apr,243.057,245.613,254.57,131.107,217.554,447.411,120.381,136.264,431.595
Northeast,2013,May,242.305,246.375,255.487,129.7,217.465,446.653,120.462,136.122,431.176
Northeast,2013,Jun,242.827,245.067,256.122,127.873,217.851,448.041,119.993,136.245,430.378
Northeast,2013,Jul,242.882,245.212,256.688,126.16,219.514,448.07,120.168,136.685,432.581
Northeast,2013,Aug,243.126,245.147,256.842,129.228,219.4,448.553,120.409,137.456,433.246
Northeast,2013,Sep,243.354,245.004,257.519,133.757,218.014,449.398,119.585,137.955,433.877
Northeast,2013,Oct,242.648,245.332,256.898,133.7,214.713,448.873,119.88,137.998,435.911
Northeast,2013,Nov,242.474,246.036,257.53,132.3,214.909,449.025,120.06,138.058,434.107
Northeast,2013,Dec,242.955,245.399,258.172,126.585,216.275,446.921,119.863,137.821,434.273
Northeast,2013,Annual,242.753,245.03,256.138,129.772,217.49,447.07,120.195,136.991,432.448
Northeast,2014,Jan,244.046,245.06,261.042,125.842,215.918,448.007,121.276,137.757,436.928
Northeast,2014,Feb,244.436,246.265,260.608,128.433,216.43,450.452,121.2,137.497,436.754
Northeast,2014,Mar,245.294,246.155,261.945,130.924,218.235,451.518,120.721,137.562,438.401
Northeast,2014,Apr,245.588,245.756,261.192,130.628,220.139,453.094,120.427,137.623,438.977
Northeast,2014,May,247.177,246.507,262.198,130.688,222.368,455.144,120.197,137.517,439.354
Northeast,2014,Jun,246.99,245.27,262.333,128.287,222.575,455.224,120.489,137.512,440.226
Northeast,2014,Jul,248.47,246.023,262.728,127.594,221.76,455.736,120.428,137.911,441.551
Northeast,2014,Aug,248.085,248.276,262.659,129.552,217.996,455.688,119.552,138.465,440.729
Northeast,2014,Sep,249.189,248.417,262.092,134.297,215.981,457.252,119.424,138.767,442.129
Northeast,2014,Oct,249.557,247.664,261.938,135.262,213.407,457.876,119.389,138.258,444.767
Northeast,2014,Nov,249.386,248.508,262.149,132.251,208.769,459.461,119.26,137.975,444.355
Northeast,2014,Dec,250.516,248.323,261.939,126.185,203.36,460.596,119.093,137.85,445.391
Northeast,2014,Annual,247.395,246.852,261.902,129.995,216.412,455.004,120.121,137.891,440.797
Northeast,2015,Jan,250.847,248.652,263.363,127.778,195.235,462.132,119.495,138.118,448.803
Northeast,2015,Feb,250.917,249.447,264.049,131.201,195.156,465.554,120.103,137.904,444.71
Northeast,2015,Mar,250.711,248.785,264.04,133.81,198.706,466.218,120.624,137.729,445.092
Northeast,2015,Apr,251.004,247.604,264.249,132.034,199.572,468.386,121.013,137.871,445.107
Northeast,2015,May,251.457,248.871,263.998,131.321,205.061,469.261,121.212,137.969,446.595
Northeast,2015,Jun,252.005,248.698,265.278,128.839,206.823,467.204,121.629,138.13,451.869
Northeast,2015,Jul,251.901,249.866,265.298,127.487,205.526,467.511,121.488,138.709,452.456
Northeast,2015,Aug,252.149,249.726,264.975,131.766,201.447,468.451,120.955,139.296,452.607
Northeast,2015,Sep,252.707,249.465,265.767,135.089,197.063,469.086,120.7,140.674,452.607
Northeast,2015,Oct,252.919,249.5,265.348,133.577,194.865,471.457,120.907,141.127,454.368
Northeast,2015,Nov,252.328,248.902,265.874,130.735,195.171,472.096,120.427,141.499,456.362
Northeast,2015,Dec,252.268,248.763,265.32,128.09,193.211,470.813,120.123,141.178,455.714
Northeast,2015,Annual,251.768,249.023,264.797,130.977,198.986,468.181,120.723,139.184,450.524
Northeast,2016,Jan,253.531,249.519,265.61,127.645,191.225,473.711,120.471,141.275,455.999
Northeast,2016,Feb,253.261,251.396,266.34,132.054,189.627,478.863,120.729,141.13,458.077
Northeast,2016,Mar,252.236,252.05,267.159,132.779,190.762,479.701,121.334,141.145,459.605
Northeast,2016,Apr,253.153,251.194,267.721,132.911,195.913,482.472,121.453,140.887,459.28
Northeast,2016,May,252.04,250.139,268.462,132.91,199.134,484.072,121.149,140.73,458.073
Northeast,2016,Jun,251.891,249.592,269.752,129.357,199.495,484.979,121.264,140.844,459.081
Northeast,2016,Jul,252.378,250.699,270.407,127.212,197.243,486.995,120.913,140.87,463.534
Northeast,2016,Aug,252.325,250.758,270.68,131.494,194.974,488.309,121.04,141.59,466.24
Northeast,2016,Sep,252.651,252.193,270.956,136.636,194.673,488.584,121.237,142.021,467.312
Northeast,2016,Oct,252.692,252.416,271.486,137.452,195.764,488.866,121.178,142.152,468.052
Northeast,2016,Nov,252.075,251.988,271.939,131.786,196.399,488.452,121.568,142.221,468.986
Northeast,2016,Dec,251.703,250.978,272.396,126.535,196.679,486.991,121.63,142.746,468.699
Northeast,2016,Annual,252.495,251.077,269.409,131.564,195.157,484.333,121.164,141.468,462.745
Northeast,2017,Jan,253.132,251.263,273.398,130.053,199.351,490.069,122.442,142.889,473.45
Northeast,2017,Feb,253.151,251.992,273.927,132.413,199.686,492.978,123.788,142.628,474.864
Northeast,2017,Mar,253.854,252.397,273.929,134.409,198.829,493.595,124.153,140.072,475.234
Northeast,2017,Apr,255.198,251.935,274.457,133.327,201.036,491.537,124.301,140.052,474.645
Northeast,2017,May,254.942,251.273,275.226,131.475,201.706,491.976,124.085,139.595,474.721
Northeast,2017,Jun,254.968,252.521,275.597,129.609,200.687,493.415,124.041,139.48,477.41
Northeast,2017,Jul,255.978,252.242,275.436,126.37,198.724,494.618,124.085,139.069,477.991
Northeast,2017,Aug,255.701,252.291,276.33,130.769,199.211,495.072,124.053,139.02,476.618
Northeast,2017,Sep,255.539,252.882,276.269,136.152,203.65,496.216,124.367,139.831,478.584
Northeast,2017,Oct,256.711,253.444,276.18,135.953,201.313,498.337,123.35,140.03,480.564
Northeast,2017,Nov,256.209,253.128,276.736,129.241,202.467,498.864,123.233,140.409,480.95
Northeast,2017,Dec,256.764,251.711,277.693,124.143,202.378,499.765,123.466,140.206,480.873
Northeast,2017,Annual,255.179,252.257,275.432,131.16,200.753,494.704,123.78,140.273,477.159
Northeast,2018,Jan,258.097,252.312,278.69,127.247,204.271,502.715,124.26,140.376,482.013
Northeast,2018,Feb,258.275,253.896,279.729,131.169,205.849,503.759,124.211,140.191,485.267
Northeast,2018,Mar,258.385,253.216,280.985,130.835,205.091,504.112,123.949,139.664,486.713
Northeast,2018,Apr,259.625,253.071,281.574,133.247,207.639,504.859,124.184,139.679,488.167
Northeast,2018,May,259.594,253.731,282.848,133.571,210.975,504.921,123.315,140.123,489.364
Northeast,2018,Jun,259.751,254.531,282.981,127.969,211.842,504.804,124.03,140.936,489.34
Northeast,2018,Jul,260.792,253.506,283.331,124.772,210.687,504.541,123.961,141.292,488.926
Northeast,2018,Aug,261.235,253.746,284.496,128.098,209.626,505.303,123.684,141.673,488.91
Northeast,2018,Sep,261.747,256.285,284.068,133.579,208.79,506.476,124.007,142.428,488.993
Northeast,2018,Oct,260.683,256.375,283.911,134.089,208.57,508.049,123.586,142.199,487.718
Northeast,2018,Nov,260.486,254.841,283.66,128.267,205.639,508.36,124.174,142.042,488.435
Northeast,2018,Dec,261.088,253.928,284.854,124.092,202.527,509.755,124.041,142.062,490.191
Northeast,2018,Annual,259.98,254.12,282.594,129.745,207.626,505.638,123.95,141.055,487.836
Northeast,2019,Jan,262.757,254.697,286.006,126.648,200.914,512.667,124.676,142.389,492.072
Northeast,2019,Feb,262.792,254.936,286.342,129.882,201.759,513.713,124.988,142.359,493.249
Northeast,2019,Mar,263.847,254.083,287.121,130.492,204.648,518.479,125.13,142.681,494.119
Northeast,2019,Apr,262.882,253.741,287.759,129.262,209.063,519.076,125.643,142.917,495.254
Northeast,2019,May,263.725,255.102,287.727,127.941,211.629,521.223,126.008,143.002,495.913
Northeast,2019,Jun,264.562,254.995,288.767,128.893,209.993,522.8,126.575,142.817,495.992
Northeast,2019,Jul,264.282,254.608,288.869,126.511,210.07,526.016,126.962,143.618,499.857
Northeast,2019,Aug,265.04,255.136,288.578,128.731,208.236,528.447,127.197,145.094,502.699
Northeast,2019,Sep,264.884,256.592,289.142,133.298,205.461,531.412,125.38,145.964,502.159
Northeast,2019,Oct,265.79,256.91,288.158,132.042,204.991,535.25,125.822,145.951,503.443
Northeast,2019,Nov,266.106,256.753,289.297,125.174,205.488,536.649,125.77,146.347,502.804
Northeast,2019,Dec,266.209,256.346,289.37,118.918,204.829,539.822,126.481,146.595,502.127
Northeast,2019,Annual,264.406,255.325,288.095,128.149,206.423,525.463,125.886,144.145,498.307
Northeast,2020,Jan,268.003,257.401,291.32,124.311,205.706,542.206,127.234,147.047,506.971
Northeast,2020,Feb,268.208,259.053,291.976,130.779,205.178,544.627,127.218,147.12,509.062
Northeast,2020,Mar,268.721,258.99,292.049,130.385,200.823,545.933,128.309,146.924,509.65
Northeast,2020,Apr,274.617,258.802,291.569,122.783,192.38,549.33,128.377,147.043,511.241
Northeast,2020,May,276.418,259.914,291.328,118.529,190.787,548.862,132.38,146.915,509.456
Northeast,2020,Jun,276.511,260.041,293.283,117.665,193.629,552.744,128.712,146.72,507.516
Northeast,2020,Jul,275.506,260.391,293.55,117.501,197.215,554.273,128.781,148.82,511.039
Northeast,2020,Aug,275.002,261.181,293.417,121.598,197.217,551.685,130.317,148.796,513.366
Northeast,2020,Sep,275.304,263.005,293.749,125.434,198.368,548.668,128.545,148.939,513.994
Northeast,2020,Oct,275.072,264.979,292.539,121.984,199.317,547.497,128.903,149.003,513.566
Northeast,2020,Nov,274.706,265.376,293.678,118.008,199.86,546.128,129.333,148.692,510.586
Northeast,2020,Dec,276.795,266.296,294.992,116.236,199.557,544.695,129.07,148.572,518.064
Northeast,2020,Annual,273.739,261.286,292.788,122.101,198.336,548.054,128.932,147.883,511.209
Northeast,2021,Jan,277.329,265.307,295.732,123.651,201.972,547.28,127.887,148.86,513.92
Northeast,2021,Feb,276.024,265.449,296.629,125.518,204.854,549.824,128.468,149.138,513.55
Northeast,2021,Mar,277.661,264.273,297.291,126.937,210.476,548.73,128.684,149.349,520.572
Northeast,2021,Apr,279.404,264.29,298.589,125.916,216.319,550.365,129.835,149.478,522.862
Northeast,2021,May,280.001,264.84,299.508,125.851,223.359,550.36,129.162,149.607,519.652
Northeast,2021,Jun,281.235,267.64,302.584,124.08,231.271,546.769,130.72,150.022,519.842
Northeast,2021,Jul,282.295,268.452,303.139,122.306,230.214,548.685,131.624,150.709,526.208
Northeast,2021,Aug,283.919,269.351,302.869,126.77,229.115,549.119,131.56,151.672,529.842
Northeast,2021,Sep,286.517,267.982,303.67,129.301,227.953,549.485,131.655,152.328,533.2
Northeast,2021,Oct,288.67,267.533,304.637,128.269,233.253,550.296,132.516,152.601,536.03
Northeast,2021,Nov,290.628,267.862,305.642,124.885,238.185,552.929,133.629,152.713,533.916
Northeast,2021,Dec,292.019,267.326,306.791,123.105,238.557,553.612,132.909,152.515,536.641
Northeast,2021,Annual,282.975,266.692,301.423,125.549,223.794,549.788,130.721,150.749,525.52
Northeast,2022,Jan,294.032,269.129,309.877,127.597,238.672,558.761,134.03,152.624,538.725
Northeast,2022,Feb,296.88,272.179,310.168,130.827,243.04,559.364,135.169,153.193,546.304
Northeast,2022,Mar,298.883,273.704,313.196,134.447,252.063,563.166,135.923,152.753,552.074
Northeast,2022,Apr,301.84,275.062,315.371,129.657,255.695,568.472,136.369,152.381,552.518
Northeast,2022,May,305.074,277.71,317.975,130.543,261.073,568.877,136.352,152.249,550.577
Northeast,2022,Jun,306.848,278.252,320.297,129.637,271.417,573.145,136.949,152.217,557.181
Northeast,2022,Jul,310.853,280.031,319.846,127.622,266.429,576.156,137.5,152.327,557.521
Northeast,2022,Aug,313.018,282.405,322.473,131.471,261.376,580.669,137.263,152.938,561.095
Northeast,2022,Sep,315.305,284.298,324.264,133.5,255.809,582.964,136.871,153.479,566.144
Northeast,2022,Oct,318.362,283.842,326.092,131.933,254.525,579.822,137.813,153.585,569.966
Midwest,2012,Jan,226.233,233.76,200.225,116.168,210.992,407.853,115.895,134.712,377.127
Midwest,2012,Feb,225.473,234.007,200.37,116.578,213.087,410.589,116.054,134.879,375.873
Midwest,2012,Mar,226.203,232.163,200.795,119.385,221.721,411.318,116.593,134.873,377.04
Midwest,2012,Apr,226.771,231.895,200.661,120.969,223.209,412.635,116.489,134.933,376.83
Midwest,2012,May,226.793,234.505,200.707,119.909,221.11,414.421,116.82,134.959,377.982
Midwest,2012,Jun,226.673,234.647,202.087,117.387,217.986,414.421,117.133,134.806,378.499
Midwest,2012,Jul,226.875,233.743,202.651,114.637,215.927,416.68,117.198,135.095,383.061
Midwest,2012,Aug,227.345,234.481,203.002,116.22,221.97,418.681,116.866,135.534,383.299
Midwest,2012,Sep,227.072,234.054,203.088,121.233,223.573,419.638,116.533,136.149,383.649
Midwest,2012,Oct,227.891,233.439,202.444,124.568,219.04,420.001,116.655,136.216,383.332
Midwest,2012,Nov,228.135,233.948,202.614,123.15,213.637,420.542,116.716,136.403,384.087
Midwest,2012,Dec,228.794,234.487,202.572,119.852,211.919,420.851,116.487,136.433,383.869
Midwest,2012,Annual,227.021,233.761,201.768,119.171,217.848,415.636,116.62,135.416,380.387
Midwest,2013,Jan,229.226,234.818,203.502,117.608,210.509,422.674,117.027,136.98,383.135
Midwest,2013,Feb,229.204,236.786,204.065,119.738,220.321,424.841,117.378,137.193,383.179
Midwest,2013,Mar,229.626,236.552,204.251,120.92,221.538,426.499,117.248,137.148,385.651
Midwest,2013,Apr,229.679,236.191,204.531,121.874,219.419,426.989,117.481,136.805,385.957
Midwest,2013,May,229.33,236.062,205.426,121.749,223.589,426.006,118.062,136.801,386.586
Midwest,2013,Jun,229.943,236.157,206.989,118.912,224.4,426.195,118.238,136.579,386.895
Midwest,2013,Jul,229.986,236.115,207.035,116.887,219.212,427.86,118.209,136.875,390.384
Midwest,2013,Aug,230.179,236.866,206.767,119.639,219.068,430.494,117.565,137.383,390.28
Midwest,2013,Sep,229.591,236.998,206.834,124.551,218.214,431.606,117.455,138.089,390.525
Midwest,2013,Oct,230.354,237.606,205.704,126.359,213.744,431.812,117.048,138.33,390.339
Midwest,2013,Nov,230.359,238.548,206.026,124.98,210.607,431.804,117.302,138.338,391.595
Midwest,2013,Dec,230.478,239.001,206.179,120.556,209.384,431.296,116.428,138.21,392.853
Midwest,2013,Annual,229.83,236.808,205.609,121.148,217.5,428.173,117.453,137.394,388.115
Midwest,2014,Jan,231.723,238.953,207.455,117.688,211.577,433.834,116.7,138.178,393.307
Midwest,2014,Feb,232.859,238.923,208.316,119.523,213.367,437.233,117.396,138.763,393.065
Midwest,2014,Mar,233.757,239.214,209.493,122.568,219.151,439.538,117.294,139.3,393.766
Midwest,2014,Apr,234.753,239.573,209.573,123.408,221.18,440.388,117.647,139.746,394.51
Midwest,2014,May,235.371,239.545,209.752,123.953,222.009,440.186,117.964,139.564,394.741
Midwest,2014,Jun,235.626,240.58,211.476,122.409,224.117,440.647,117.537,139.615,395.564
Midwest,2014,Jul,235.88,240.179,211.842,119.556,220.327,441.813,117.721,139.782,394.249
Midwest,2014,Aug,236.682,241.19,211.589,121.165,216.94,441.918,117.438,140.51,394.396
Midwest,2014,Sep,237.774,241.296,211.459,125.586,216.227,442.786,117.317,140.792,394.583
Midwest,2014,Oct,238.338,241.488,210.644,126.181,211.191,443.915,117.18,140.252,394.814
Midwest,2014,Nov,237.754,242.83,210.352,123.037,205.782,444.814,116.78,139.825,394.513
Midwest,2014,Dec,238.502,241.346,210.686,118.655,196.89,445.585,116.968,139.531,394.717
Midwest,2014,Annual,235.752,240.426,210.22,121.977,214.897,441.055,117.329,139.655,394.352
Midwest,2015,Jan,239.148,240.98,211.328,115.993,186.659,448.542,117.892,139.651,398.28
Midwest,2015,Feb,238.916,241.966,211.179,116.338,192.031,447.3,117.47,139.657,397.738
Midwest,2015,Mar,238.005,242.094,211.611,119.18,196.851,448.997,117.834,139.817,399.511
Midwest,2015,Apr,238.467,242.707,211.339,118.888,197.917,452.309,117.673,139.798,399.24
Midwest,2015,May,238.255,242.664,211.741,117.773,203.114,452.171,117.763,139.344,400.002
Midwest,2015,Jun,238.608,240.891,213.493,117.176,206.151,451.389,117.747,139.146,401.123
Midwest,2015,Jul,239.266,240.512,213.922,115.35,204.646,451.331,117.685,139.346,401.493
Midwest,2015,Aug,240.035,241.594,213.907,117.025,202.612,451.284,117.935,139.846,402.83
Midwest,2015,Sep,241.1,242.382,213.827,121.53,195.985,451.793,118.002,140.481,402.044
Midwest,2015,Oct,240.695,242.937,212.917,122.731,196.789,454.68,117.32,140.687,402.313
Midwest,2015,Nov,239.676,242.242,212.784,120.087,192.703,456.198,116.914,140.814,402.79
Midwest,2015,Dec,239.965,242.342,212.751,116.22,186.673,456.158,116.82,140.809,402.754
Midwest,2015,Annual,239.345,241.943,212.567,118.191,196.844,451.846,117.588,139.95,400.843
Midwest,2016,Jan,240.91,243.266,213.978,115.113,185.47,460.482,117.035,140.759,404.001
Midwest,2016,Feb,240.425,244.264,214.511,117.623,182.112,462.96,117.977,140.329,405.629
Midwest,2016,Mar,239.494,244.757,214.948,117.964,188.629,464.165,118.423,140.305,406.81
Midwest,2016,Apr,240.489,244.237,214.974,118.214,192.163,465.161,119.005,140.773,406.716
Midwest,2016,May,239.941,244.453,215.543,118.928,195.422,466.955,118.939,140.355,408.204
Midwest,2016,Jun,239.478,244.428,217.518,116.767,198.807,467.605,119.718,140.213,409.344
Midwest,2016,Jul,239.193,244.086,217.823,113.7,193.405,470.786,119.374,140.204,408.123
Midwest,2016,Aug,239.736,244.022,218.07,115.994,192.636,473.82,118.858,140.606,408.757
Midwest,2016,Sep,239.803,244.116,218.816,118.904,192.363,474.779,119.023,140.582,410.438
Midwest,2016,Oct,240.215,245.048,217.842,120.841,192.021,476.005,118.379,140.679,410.481
Midwest,2016,Nov,239.266,244.058,217.903,118.575,189.63,477.271,118.505,140.313,410.145
Midwest,2016,Dec,238.923,245.204,217.867,113.436,192.164,477.476,117.984,140.552,412.612
Midwest,2016,Annual,239.823,244.328,216.649,117.172,191.235,469.789,118.602,140.473,408.438
Midwest,2017,Jan,239.464,246.391,219.369,113.754,195.395,479.115,118.86,140.444,412.612
Midwest,2017,Feb,240.0,245.662,219.711,116.785,193.85,480.573,120.781,140.076,412.232
Midwest,2017,Mar,240.33,245.68,219.759,118.906,195.223,479.253,121.447,137.614,412.323
Midwest,2017,Apr,240.532,246.063,220.351,121.045,197.985,479.011,121.578,136.82,413.453
Midwest,2017,May,240.989,246.153,221.42,119.265,196.661,478.245,121.097,136.537,414.166
Midwest,2017,Jun,240.139,246.259,223.325,115.627,195.076,478.231,121.091,136.183,413.821
Midwest,2017,Jul,240.237,246.288,222.809,115.604,193.971,482.591,122.812,136.245,415.468
Midwest,2017,Aug,241.352,246.791,222.978,117.48,194.846,483.167,123.12,136.534,416.243
Midwest,2017,Sep,241.808,247.648,223.455,120.438,196.614,478.861,122.565,137.11,416.205
Midwest,2017,Oct,242.612,248.135,222.389,122.206,195.305,478.733,122.531,137.489,418.438
Midwest,2017,Nov,242.006,249.271,222.701,118.508,198.648,479.998,121.69,137.609,418.869
Midwest,2017,Dec,241.621,249.453,222.996,114.054,196.875,480.251,121.51,137.966,417.834
Midwest,2017,Annual,240.924,246.983,221.772,117.806,195.871,479.836,121.59,137.552,415.139
Midwest,2018,Jan,242.601,250.865,223.996,116.481,200.064,481.011,122.318,137.948,418.84
Midwest,2018,Feb,242.865,251.636,224.834,119.68,199.926,481.849,122.405,137.778,414.035
Midwest,2018,Mar,242.51,251.48,225.275,120.121,201.054,482.275,122.187,137.461,418.27
Midwest,2018,Apr,243.762,251.166,225.719,119.83,203.479,482.487,122.365,137.377,425.978
Midwest,2018,May,243.329,249.979,226.692,118.603,207.561,484.692,122.273,137.534,425.22
Midwest,2018,Jun,243.803,249.895,227.628,117.018,207.87,484.324,122.23,137.613,425.311
Midwest,2018,Jul,243.935,249.176,227.948,113.443,207.654,483.967,121.967,137.98,426.409
Midwest,2018,Aug,243.119,248.942,228.447,113.081,207.2,484.957,120.786,138.398,426.414
Midwest,2018,Sep,243.762,251.179,228.659,118.79,205.689,485.951,120.6,138.124,426.977
Midwest,2018,Oct,243.882,252.466,228.903,121.445,205.094,486.365,120.033,138.305,427.53
Midwest,2018,Nov,243.269,253.211,228.707,117.674,200.177,487.769,119.929,137.491,428.857
Midwest,2018,Dec,243.67,253.315,229.553,113.291,194.978,487.717,120.65,137.412,429.502
Midwest,2018,Annual,243.376,251.109,227.197,117.455,203.396,484.447,121.479,137.785,424.445
Midwest,2019,Jan,245.015,253.559,230.194,114.788,192.64,492.369,121.229,137.834,428.893
Midwest,2019,Feb,246.428,254.311,230.869,118.579,197.175,491.532,121.032,137.823,431.938
Midwest,2019,Mar,245.913,254.159,231.701,117.625,203.171,491.086,121.194,137.446,431.444
Midwest,2019,Apr,245.689,253.893,231.999,115.838,207.665,487.594,120.985,137.404,432.934
Midwest,2019,May,246.953,253.144,232.79,114.92,207.945,492.063,121.203,137.108,434.887
Midwest,2019,Jun,247.346,254.268,233.655,114.069,206.242,493.894,120.979,137.33,433.359
Midwest,2019,Jul,246.889,255.142,234.158,113.802,207.344,495.492,121.251,137.018,435.996
Midwest,2019,Aug,247.123,254.981,234.214,116.262,205.05,500.589,121.262,137.387,436.23
Midwest,2019,Sep,247.641,254.578,234.593,119.79,202.862,500.625,121.085,137.788,438.131
Midwest,2019,Oct,247.914,254.243,234.522,120.115,202.633,508.101,121.512,137.766,439.682
Midwest,2019,Nov,248.037,254.112,234.223,116.404,201.087,507.577,122.834,138.572,441.087
Midwest,2019,Dec,248.223,254.606,234.889,111.711,200.968,505.493,123.028,138.55,439.894
Midwest,2019,Annual,246.931,254.25,233.151,116.159,202.899,497.201,121.466,137.669,435.373
Midwest,2020,Jan,249.149,255.82,235.848,113.913,201.165,507.573,123.725,138.804,442.284
Midwest,2020,Feb,249.998,255.963,236.473,115.759,200.811,512.813,123.761,139.094,444.148
Midwest,2020,Mar,250.385,257.042,236.274,114.5,194.627,513.815,123.663,138.982,445.981
Midwest,2020,Apr,253.291,256.055,235.453,110.183,182.38,513.998,123.227,138.97,445.297
Midwest,2020,May,255.009,255.647,236.766,106.846,183.753,515.567,123.004,138.892,444.549
Midwest,2020,Jun,255.935,257.467,237.99,105.982,189.894,517.94,123.04,139.006,447.885
Midwest,2020,Jul,255.251,259.202,238.178,106.074,195.695,519.089,121.476,140.55,446.854
Midwest,2020,Aug,254.488,259.869,238.822,107.366,198.115,521.898,122.053,141.137,443.845
Midwest,2020,Sep,254.773,259.826,238.977,110.971,197.449,522.679,123.799,141.456,445.046
Midwest,2020,Oct,255.915,260.147,238.811,112.418,196.665,520.319,123.656,141.188,444.292
Midwest,2020,Nov,254.737,261.211,239.34,108.941,195.565,519.503,124.17,140.452,445.559
Midwest,2020,Dec,255.213,261.004,239.663,106.713,196.331,518.433,123.939,140.421,446.941
Midwest,2020,Annual,253.679,258.271,237.716,109.972,194.371,516.969,123.293,139.913,445.223
Midwest,2021,Jan,256.795,262.158,239.842,110.662,197.506,523.287,124.181,140.919,446.74
Midwest,2021,Feb,257.124,262.583,241.06,113.36,202.003,525.867,125.616,141.211,447.0
Midwest,2021,Mar,257.522,260.342,242.209,113.075,208.068,525.593,125.974,141.141,451.954
Midwest,2021,Apr,258.666,260.706,243.467,112.027,214.868,523.738,126.499,141.016,453.953
Midwest,2021,May,260.372,263.312,244.883,112.137,222.265,523.59,127.355,141.392,453.565
Midwest,2021,Jun,262.685,263.61,246.977,110.38,230.315,522.287,126.562,141.6,452.794
Midwest,2021,Jul,264.563,264.404,248.779,109.23,233.423,522.055,126.935,141.853,455.936
Midwest,2021,Aug,266.1,263.907,249.75,109.793,232.393,523.732,126.79,141.308,458.956
Midwest,2021,Sep,268.772,265.691,251.165,112.764,230.233,521.982,125.82,141.89,458.443
Midwest,2021,Oct,271.335,263.73,252.586,114.918,233.869,523.379,126.909,142.26,463.89
Midwest,2021,Nov,272.824,263.968,253.207,111.784,238.028,524.39,127.123,141.904,465.276
Midwest,2021,Dec,274.453,265.448,253.832,110.516,238.179,527.708,128.253,141.707,465.205
Midwest,2021,Annual,264.268,263.322,247.313,111.721,223.429,523.967,126.501,141.517,456.143
Midwest,2022,Jan,277.344,265.339,254.763,114.139,240.942,531.401,129.701,142.02,473.538
Midwest,2022,Feb,280.15,265.677,256.445,117.739,244.866,531.165,130.952,142.631,477.09
Midwest,2022,Mar,283.955,266.416,257.919,117.961,255.194,534.114,131.349,141.202,479.494
Midwest,2022,Apr,287.716,269.782,258.909,117.101,256.638,535.17,132.268,141.027,481.37
Midwest,2022,May,291.562,272.542,262.201,116.845,266.058,537.633,132.741,141.049,485.161
Midwest,2022,Jun,293.901,273.551,266.307,116.685,277.141,541.025,132.227,140.999,486.965
Midwest,2022,Jul,297.499,275.49,266.822,115.409,270.412,545.007,132.843,140.545,489.613
Midwest,2022,Aug,300.558,275.415,268.204,116.773,260.777,548.159,133.604,141.135,491.79
Midwest,2022,Sep,302.844,274.172,269.309,119.482,258.416,550.779,134.222,141.486,494.655
Midwest,2022,Oct,304.053,278.109,268.641,118.272,260.375,548.934,136.241,140.989,495.642
South,2012,Jan,231.949,215.565,205.535,130.075,210.995,387.581,114.057,129.634,383.469
South,2012,Feb,232.026,216.65,205.748,131.898,216.121,390.451,114.094,129.902,382.425
South,2012,Mar,232.12,216.677,205.902,136.32,221.532,391.985,114.799,129.844,383.842
South,2012,Apr,232.868,217.143,206.344,137.318,224.411,392.696,114.791,129.905,385.596
South,2012,May,232.489,216.998,206.556,136.626,219.297,392.786,114.946,130.154,384.653
South,2012,Jun,232.986,216.868,207.997,134.757,213.034,397.266,115.108,130.225,385.413
South,2012,Jul,233.034,216.56,208.087,130.628,212.387,397.983,114.859,130.08,385.498
South,2012,Aug,233.486,215.009,208.26,130.673,218.593,396.445,114.747,130.494,385.888
South,2012,Sep,233.9,214.769,208.411,136.002,221.886,397.093,114.805,130.86,386.39
South,2012,Oct,234.709,215.532,207.863,140.439,218.374,396.371,114.466,131.149,386.185
South,2012,Nov,234.333,216.07,207.998,138.147,212.487,398.082,114.579,131.194,387.557
South,2012,Dec,234.736,216.762,208.346,135.012,210.699,398.857,114.418,131.1,388.0
South,2012,Annual,233.22,216.217,207.254,134.825,216.651,394.8,114.639,130.378,385.41
South,2013,Jan,235.552,218.106,208.699,132.567,213.192,401.735,114.757,131.666,388.625
South,2013,Feb,236.042,218.714,209.213,134.698,220.182,403.883,115.116,132.12,390.774
South,2013,Mar,235.97,219.511,209.535,137.679,221.888,405.009,115.325,132.256,392.645
South,2013,Apr,236.337,219.808,210.058,137.729,218.399,404.398,115.342,131.788,393.23
South,2013,May,236.499,220.204,210.734,136.843,217.587,402.929,115.652,131.787,393.078
South,2013,Jun,236.592,219.783,212.518,135.722,218.099,404.429,115.585,131.75,392.759
South,2013,Jul,236.915,221.081,212.805,133.613,219.921,404.715,115.542,131.753,392.78
South,2013,Aug,238.078,221.781,212.802,134.981,219.008,407.328,115.523,132.616,393.486
South,2013,Sep,237.937,221.388,212.786,138.479,217.427,409.005,115.623,133.261,393.513
South,2013,Oct,238.514,221.341,212.14,140.129,215.312,409.169,115.664,133.484,393.762
South,2013,Nov,237.876,220.837,211.954,138.872,213.674,407.736,115.614,133.517,393.918
South,2013,Dec,238.001,221.538,212.34,137.721,214.637,407.168,115.308,133.48,395.546
South,2013,Annual,237.026,220.341,211.299,136.586,217.444,405.625,115.421,132.457,392.843
South,2014,Jan,239.105,222.867,213.297,134.492,214.497,410.294,115.549,134.025,396.262
South,2014,Feb,239.782,222.32,214.432,135.088,215.429,413.85,115.936,134.031,396.868
South,2014,Mar,240.411,222.572,215.521,138.826,218.688,413.797,116.324,133.835,397.969
South,2014,Apr,241.767,222.661,215.758,139.132,223.388,414.646,116.523,133.962,397.844
South,2014,May,242.371,222.513,216.321,137.484,224.263,414.62,116.585,134.044,398.392
South,2014,Jun,242.549,222.903,217.915,134.771,223.584,414.855,116.759,134.042,400.674
South,2014,Jul,242.637,222.315,218.435,131.768,222.03,415.471,116.065,134.323,400.736
South,2014,Aug,243.595,221.932,218.657,131.83,218.549,415.472,115.344,135.248,400.864
South,2014,Sep,244.435,221.751,218.871,137.5,216.416,415.075,115.376,135.561,400.392
South,2014,Oct,244.771,222.879,218.18,141.107,212.8,415.601,115.723,135.265,402.96
South,2014,Nov,245.205,224.885,217.99,138.597,206.773,416.704,115.626,135.056,402.176
South,2014,Dec,245.663,223.922,218.569,132.677,199.639,417.474,115.502,134.559,403.484
South,2014,Annual,242.691,222.793,216.995,136.106,216.338,414.822,115.943,134.496,399.885
South,2015,Jan,246.28,223.687,218.993,129.018,190.415,417.671,115.948,134.728,403.79
South,2015,Feb,246.924,224.177,219.385,130.884,193.49,420.167,116.318,134.623,404.27
South,2015,Mar,246.392,225.25,219.868,137.271,197.631,421.612,116.3,134.89,404.454
South,2015,Apr,245.962,225.502,220.275,139.604,199.151,422.149,116.731,135.079,403.625
South,2015,May,246.196,225.458,220.528,136.621,204.147,423.536,116.554,134.875,404.332
South,2015,Jun,246.67,224.657,222.222,134.364,206.437,424.087,116.487,134.843,406.407
South,2015,Jul,247.118,224.514,222.664,130.264,204.57,424.259,116.483,135.008,406.867
South,2015,Aug,247.855,224.702,222.88,131.214,200.086,425.673,115.982,136.115,407.078
South,2015,Sep,248.458,224.656,223.144,136.367,194.788,426.865,115.907,136.792,408.546
South,2015,Oct,249.05,226.136,222.701,138.679,193.612,428.455,115.958,137.002,410.318
South,2015,Nov,248.396,226.257,222.564,136.716,192.674,429.361,115.582,137.092,409.946
South,2015,Dec,247.543,225.705,222.71,130.231,190.467,428.859,115.861,137.064,410.087
South,2015,Annual,247.237,225.058,221.495,134.269,197.289,424.391,116.176,135.676,406.643
South,2016,Jan,247.542,227.087,223.068,127.75,188.529,432.458,116.211,137.146,411.232
South,2016,Feb,248.101,227.009,223.206,132.186,186.352,435.89,116.974,137.103,410.899
South,2016,Mar,247.659,226.532,223.438,136.65,190.858,436.755,118.139,137.169,411.505
South,2016,Apr,247.685,226.871,223.762,136.869,194.784,437.48,118.426,137.2,412.283
South,2016,May,247.128,228.379,224.587,136.625,198.25,437.172,118.432,136.79,414.542
South,2016,Jun,246.622,228.427,226.264,135.24,199.69,438.314,118.389,136.717,416.425
South,2016,Jul,246.816,227.781,226.738,132.727,196.101,441.004,117.984,136.731,415.302
South,2016,Aug,247.244,227.167,227.181,131.921,194.845,448.279,117.345,137.224,415.343
South,2016,Sep,247.447,227.177,227.706,135.785,195.556,449.332,116.218,136.917,416.491
South,2016,Oct,247.297,228.258,227.449,139.363,197.032,448.472,116.389,136.266,416.906
South,2016,Nov,247.037,227.962,227.337,136.965,196.26,448.405,116.476,136.608,417.433
South,2016,Dec,246.747,228.026,227.697,132.997,197.939,448.393,116.351,136.085,418.568
South,2016,Annual,247.277,227.556,225.703,134.59,194.683,441.83,117.278,136.83,414.744
South,2017,Jan,247.693,228.75,228.679,131.261,201.201,451.354,116.842,136.461,416.62
South,2017,Feb,248.056,228.805,229.355,133.371,200.134,458.149,117.675,135.664,417.039
South,2017,Mar,247.977,229.795,229.76,136.803,200.798,457.812,117.628,132.337,417.968
South,2017,Apr,248.291,230.191,230.099,137.268,203.409,455.471,117.681,131.698,419.349
South,2017,May,248.979,228.905,230.654,135.39,202.445,455.545,117.944,131.549,419.213
South,2017,Jun,248.914,228.33,232.397,134.145,201.44,457.102,118.069,131.495,420.214
South,2017,Jul,249.284,228.953,232.663,130.081,199.866,456.954,117.914,131.319,419.781
South,2017,Aug,249.549,229.753,233.398,130.746,202.213,457.722,117.923,132.004,419.118
South,2017,Sep,249.981,230.979,233.926,135.036,208.467,457.56,117.769,132.253,420.135
South,2017,Oct,250.357,231.365,233.871,136.724,204.679,457.382,117.386,132.618,422.274
South,2017,Nov,249.842,231.47,233.922,133.839,204.911,455.694,117.348,132.893,422.145
South,2017,Dec,250.183,230.971,234.271,128.781,203.612,456.631,116.768,132.795,422.957
South,2017,Annual,249.092,229.856,231.916,133.62,202.765,456.448,117.579,132.757,419.734
South,2018,Jan,251.127,231.076,235.071,128.36,206.288,461.691,116.802,132.601,425.261
South,2018,Feb,250.71,231.864,235.746,134.086,208.883,464.905,118.011,132.438,424.495
South,2018,Mar,250.519,232.296,236.083,140.171,208.913,465.888,118.209,132.027,424.111
South,2018,Apr,251.061,232.539,236.578,140.976,211.814,465.488,117.716,131.891,426.734
South,2018,May,251.137,230.98,237.125,140.367,214.664,465.132,117.42,132.27,427.174
South,2018,Jun,251.502,231.737,238.077,137.828,214.836,466.684,117.923,132.497,426.629
South,2018,Jul,251.835,231.031,238.577,133.946,214.663,464.964,118.616,132.541,427.067
South,2018,Aug,252.392,231.616,238.681,130.556,214.636,462.52,118.505,132.929,426.185
South,2018,Sep,252.561,232.89,238.627,135.366,212.987,462.251,119.052,133.443,426.409
South,2018,Oct,252.466,233.744,238.989,137.831,214.437,461.815,118.512,133.319,428.279
South,2018,Nov,252.744,235.796,239.757,134.732,209.816,464.243,119.058,132.51,429.039
South,2018,Dec,253.875,234.608,240.366,129.644,203.286,463.428,119.452,132.218,427.225
South,2018,Annual,251.827,232.515,237.806,135.322,211.269,464.084,118.273,132.557,426.551
South,2019,Jan,254.78,235.026,240.934,131.748,201.909,465.889,120.317,132.185,427.738
South,2019,Feb,255.522,236.622,241.652,136.017,203.762,468.571,121.102,132.326,430.303
South,2019,Mar,256.326,235.885,242.29,135.636,209.792,468.551,121.886,132.249,430.284
South,2019,Apr,256.387,236.128,242.715,136.487,214.361,470.483,121.906,132.496,428.586
South,2019,May,255.978,236.554,243.136,135.596,213.605,471.203,120.48,132.605,429.763
South,2019,Jun,255.594,236.61,244.805,133.527,210.716,470.823,119.903,132.851,429.206
South,2019,Jul,256.133,237.757,245.364,131.962,212.724,472.693,119.585,132.881,430.82
South,2019,Aug,256.205,238.416,245.324,133.148,209.909,475.283,120.379,133.022,431.284
South,2019,Sep,256.51,237.871,245.823,134.259,207.983,475.494,120.782,132.87,431.693
South,2019,Oct,257.388,238.832,246.044,132.967,208.663,476.689,121.488,133.408,434.357
South,2019,Nov,256.969,238.777,246.137,133.525,207.692,478.888,121.814,133.564,434.117
South,2019,Dec,257.576,238.943,246.438,129.315,207.452,479.724,121.445,133.445,433.843
South,2019,Annual,256.281,237.285,244.222,133.682,209.047,472.858,120.924,132.825,431.0
South,2020,Jan,258.57,239.176,247.349,128.299,207.755,481.849,121.506,133.885,436.0
South,2020,Feb,259.024,240.292,247.815,132.851,206.599,482.705,122.065,133.869,437.594
South,2020,Mar,260.215,240.71,247.958,132.705,203.615,483.983,122.344,133.811,439.029
South,2020,Apr,263.867,240.059,247.788,126.434,193.489,486.703,121.903,133.983,437.99
South,2020,May,265.593,243.359,247.878,122.185,190.04,489.782,121.219,133.959,437.909
South,2020,Jun,267.44,242.664,248.845,123.677,193.989,489.332,121.338,133.907,439.636
South,2020,Jul,266.084,240.369,249.635,122.242,199.55,491.186,120.971,134.999,442.82
South,2020,Aug,266.136,240.886,250.273,123.292,201.553,492.367,121.889,135.936,443.482
South,2020,Sep,266.052,240.727,250.701,125.739,202.301,492.009,122.694,135.932,445.382
South,2020,Oct,266.835,241.302,251.051,126.286,202.628,491.017,122.955,136.026,445.724
South,2020,Nov,266.363,241.455,251.126,124.596,202.005,490.37,122.364,136.393,446.41
South,2020,Dec,266.717,239.884,251.34,122.932,203.954,489.78,122.526,136.554,446.748
South,2020,Annual,264.408,240.907,249.313,125.937,200.623,488.424,121.981,134.938,441.56
South,2021,Jan,268.038,240.168,252.143,124.118,206.52,493.592,123.295,136.575,447.634
South,2021,Feb,268.872,241.32,252.607,126.931,209.818,496.035,123.795,136.293,450.65
South,2021,Mar,268.796,244.542,253.492,127.426,217.108,497.142,124.032,135.862,452.223
South,2021,Apr,269.43,245.797,254.42,127.227,223.261,495.347,125.196,136.995,452.159
South,2021,May,270.23,244.295,255.748,128.801,230.219,494.859,125.277,137.255,451.932
South,2021,Jun,272.556,245.152,257.154,128.858,237.569,495.772,124.239,137.344,452.648
South,2021,Jul,274.055,245.889,258.418,127.285,239.749,497.884,124.913,137.472,456.627
South,2021,Aug,274.788,247.761,259.417,129.051,238.554,498.642,125.861,138.733,458.64
South,2021,Sep,277.392,247.947,260.865,130.867,236.719,498.025,127.335,139.237,458.062
South,2021,Oct,280.435,247.308,262.273,131.939,242.844,502.016,127.743,139.465,460.236
South,2021,Nov,280.901,247.772,263.137,131.72,247.393,501.88,126.223,139.463,463.349
South,2021,Dec,282.547,247.44,264.204,130.807,248.267,503.32,125.775,139.85,466.509
South,2021,Annual,274.003,245.449,257.823,128.753,231.502,497.876,125.307,137.879,455.889
South,2022,Jan,285.677,248.588,266.698,133.194,250.055,507.582,127.253,139.695,471.803
South,2022,Feb,288.729,252.384,268.728,136.479,256.401,509.264,129.388,138.857,476.452
South,2022,Mar,291.883,253.443,270.537,136.594,268.755,512.534,128.704,138.955,477.312
South,2022,Apr,294.609,252.096,272.278,136.131,269.144,513.192,129.972,138.682,479.148
South,2022,May,297.475,251.54,274.741,135.625,277.639,515.023,131.169,138.577,482.677
South,2022,Jun,300.55,253.259,277.887,135.275,287.733,519.243,131.375,138.753,483.83
South,2022,Jul,304.342,254.382,280.625,133.414,280.741,522.121,131.294,138.52,484.836
South,2022,Aug,306.513,255.928,282.986,135.296,271.261,524.413,131.551,138.494,489.069
South,2022,Sep,309.105,256.052,285.527,139.289,265.348,526.044,131.706,138.724,490.976
South,2022,Oct,311.524,257.323,287.255,139.069,266.021,524.379,132.171,138.796,492.794
All,2012,Jan,232.666,229.704,220.805,122.105,210.799,408.056,114.183,133.067,391.382
All,2012,Feb,232.486,230.704,221.117,123.312,214.429,410.466,114.333,133.199,391.236
All,2012,Mar,232.792,230.193,221.487,127.258,220.842,411.498,114.675,133.235,392.364
All,2012,Apr,233.234,230.092,221.682,128.485,223.083,412.48,114.656,133.284,393.32
All,2012,May,233.339,230.766,221.971,127.688,220.768,413.655,114.689,133.47,392.859
All,2012,Jun,233.563,231.444,223.051,125.241,216.369,415.345,115.08,133.456,393.989
All,2012,Jul,233.63,231.192,223.316,122.3,214.294,416.759,114.944,133.546,395.418
All,2012,Aug,234.156,230.674,223.699,123.568,219.11,417.123,114.929,134.039,396.161
All,2012,Sep,234.298,231.018,223.901,128.63,221.745,418.039,114.963,134.639,396.155
All,2012,Oct,234.878,231.058,223.708,131.359,220.232,418.359,114.774,134.767,396.337
All,2012,Nov,234.896,231.178,223.814,129.573,214.525,418.653,114.763,134.736,396.702
All,2012,Dec,235.39,231.572,224.032,125.656,211.853,418.654,114.442,134.694,396.814
All,2012,Annual,233.777,230.8,222.715,126.265,217.337,414.924,114.703,133.844,394.395
All,2013,Jan,236.341,232.558,224.79,124.687,212.299,420.687,114.816,135.225,397.543
All,2013,Feb,236.301,233.898,225.382,126.303,219.491,423.221,115.35,135.517,398.291
All,2013,Mar,236.332,234.015,225.643,128.279,221.08,424.154,115.386,135.625,399.265
All,2013,Apr,236.841,234.282,225.986,128.861,218.592,423.815,115.359,135.23,400.239
All,2013,May,236.526,234.425,226.896,127.952,219.438,422.834,115.57,135.204,399.966
All,2013,Jun,236.792,234.46,228.068,126.205,220.044,424.264,115.407,135.098,400.347
All,2013,Jul,237.001,235.022,228.374,124.215,219.992,424.836,115.384,135.334,401.454
All,2013,Aug,237.406,235.199,228.564,125.767,219.217,426.866,115.336,136.119,402.403
All,2013,Sep,237.522,234.999,228.808,129.701,218.088,428.026,115.203,136.723,402.675
All,2013,Oct,237.871,235.348,228.362,131.07,214.943,428.082,115.202,136.86,402.693
All,2013,Nov,237.641,235.47,228.449,129.435,212.844,427.74,115.325,136.844,403.047
All,2013,Dec,237.869,235.804,228.892,126.461,212.911,427.089,114.855,136.857,404.097
All,2013,Annual,237.037,234.623,227.351,127.411,217.412,425.135,115.266,135.886,401.002
All,2014,Jan,238.872,236.34,230.256,124.275,213.45,429.621,115.275,137.005,405.127
All,2014,Feb,239.608,236.314,230.905,125.493,214.673,432.769,115.656,137.045,405.91
All,2014,Mar,240.398,236.512,231.968,128.888,218.435,433.369,115.763,137.125,406.715
All,2014,Apr,241.337,236.53,231.689,129.629,221.972,434.054,116.042,137.279,407.03
All,2014,May,242.344,236.894,232.744,128.963,223.392,434.874,116.018,137.244,407.178
All,2014,Jun,242.326,236.569,233.894,127.302,223.543,435.352,116.037,137.279,407.974
All,2014,Jul,243.034,236.387,234.475,124.645,221.867,435.924,115.838,137.499,408.483
All,2014,Aug,243.811,237.829,234.571,125.726,218.279,435.777,115.311,138.139,408.898
All,2014,Sep,244.63,237.828,234.675,130.324,216.383,436.575,115.286,138.474,409.059
All,2014,Oct,245.166,238.045,234.434,131.961,212.626,437.027,115.394,138.008,410.325
All,2014,Nov,245.192,239.551,234.315,129.023,206.874,438.445,115.026,137.708,409.825
All,2014,Dec,245.976,238.856,234.658,123.942,199.777,439.72,114.875,137.41,410.642
All,2014,Annual,242.725,237.305,233.215,127.514,215.939,435.292,115.543,137.518,408.097
All,2015,Jan,246.538,238.718,235.485,122.527,190.871,440.969,115.288,137.604,412.545
All,2015,Feb,246.68,239.269,236.016,124.457,193.944,442.783,115.593,137.56,411.837
All,2015,Mar,246.045,239.437,236.435,128.245,199.363,444.02,115.835,137.564,412.402
All,2015,Apr,246.121,239.237,236.777,128.593,200.245,446.663,116.045,137.707,412.231
All,2015,May,246.187,239.8,237.175,127.083,206.386,447.213,116.19,137.4,412.841
All,2015,Jun,246.68,238.911,238.568,124.954,208.012,446.271,116.395,137.425,415.022
All,2015,Jul,247.003,239.092,239.085,122.607,207.218,446.773,116.355,137.6,415.359
All,2015,Aug,247.671,239.313,239.298,124.547,203.377,446.536,116.084,138.291,415.576
All,2015,Sep,248.632,239.287,239.651,128.54,197.593,447.289,116.024,139.092,416.34
All,2015,Oct,249.052,240.656,239.395,129.446,195.858,450.065,116.1,139.344,417.968
All,2015,Nov,248.306,240.512,239.325,127.039,194.404,451.371,115.763,139.527,418.351
All,2015,Dec,247.903,240.128,239.514,122.792,191.528,451.072,115.625,139.388,418.298
All,2015,Annual,247.235,239.53,238.06,125.903,199.067,446.752,115.941,138.209,414.898
All,2016,Jan,248.631,241.535,240.424,121.878,190.162,454.175,116.062,139.481,419.074
All,2016,Feb,248.8,242.437,241.015,125.567,187.345,458.295,116.631,139.236,419.627
All,2016,Mar,247.978,242.23,241.485,127.427,191.257,458.62,117.071,139.279,420.632
All,2016,Apr,248.413,242.407,241.79,127.77,195.491,459.994,117.515,139.316,420.977
All,2016,May,247.86,242.43,242.811,127.758,198.613,461.23,117.512,138.971,421.881
All,2016,Jun,247.482,242.133,244.28,125.472,200.262,462.075,117.582,138.898,422.915
All,2016,Jul,247.554,242.032,244.936,123.03,197.145,464.164,117.358,138.79,423.439
All,2016,Aug,247.719,242.009,245.472,124.871,195.198,468.379,117.119,139.311,424.105
All,2016,Sep,247.917,242.614,246.127,128.429,195.402,469.154,116.945,139.176,425.494
All,2016,Oct,248.073,243.674,246.264,130.328,196.185,469.23,116.713,138.979,425.524
All,2016,Nov,247.435,243.395,246.271,127.377,195.411,469.333,116.746,139.086,426.045
All,2016,Dec,247.313,243.414,246.795,122.637,196.252,469.447,116.559,139.076,427.159
All,2016,Annual,247.931,242.526,243.973,126.045,194.894,463.675,116.984,139.133,423.073
All,2017,Jan,248.242,244.516,247.942,123.088,199.292,471.7,117.337,139.041,427.621
All,2017,Feb,248.791,244.622,248.693,126.1,199.147,474.546,118.375,138.796,427.992
All,2017,Mar,249.165,244.978,248.978,128.25,200.091,474.561,118.573,136.234,428.336
All,2017,Apr,249.739,245.5,249.514,128.349,202.389,473.582,118.639,135.781,432.175
All,2017,May,250.016,244.785,250.376,126.563,202.212,473.512,118.577,135.563,431.911
All,2017,Jun,249.653,244.597,251.629,124.63,201.263,474.36,118.518,135.497,433.121
All,2017,Jul,250.214,244.706,251.87,122.485,199.466,476.126,118.863,135.388,434.033
All,2017,Aug,250.493,245.042,252.615,124.147,200.652,476.869,118.875,135.702,433.328
All,2017,Sep,250.993,245.884,252.984,128.15,204.775,476.485,118.87,136.189,434.057
All,2017,Oct,251.364,246.621,253.125,129.57,202.457,477.121,118.663,136.502,436.252
All,2017,Nov,250.871,246.991,253.177,125.398,204.014,477.198,118.42,136.717,436.352
All,2017,Dec,251.238,246.791,253.845,120.614,203.023,477.802,118.336,136.671,435.831
All,2017,Annual,250.065,245.419,251.229,125.612,201.565,475.322,118.504,136.507,432.584
All,2018,Jan,252.361,247.359,254.857,122.266,205.338,481.06,118.647,136.635,437.687
All,2018,Feb,252.266,248.166,255.713,126.587,207.359,482.897,119.093,136.327,438.306
All,2018,Mar,252.37,248.287,256.388,128.604,207.845,483.984,119.281,136.029,439.269
All,2018,Apr,253.209,248.818,256.969,129.365,210.734,484.034,118.966,135.943,442.553
All,2018,May,253.098,248.126,257.907,128.362,214.125,484.853,118.851,136.261,442.71
All,2018,Jun,253.231,248.844,258.71,125.382,214.679,486.019,119.145,136.535,442.851
All,2018,Jul,253.746,248.469,259.268,122.831,214.039,485.193,119.272,136.77,443.17
All,2018,Aug,254.077,248.407,259.884,122.447,213.482,484.172,118.972,137.336,442.934
All,2018,Sep,254.393,249.921,259.941,127.44,212.414,484.708,119.163,137.868,443.409
All,2018,Oct,254.358,250.757,260.268,129.108,213.482,485.269,118.85,137.776,444.334
All,2018,Nov,254.379,251.326,260.473,124.935,209.924,486.886,119.147,136.981,445.48
All,2018,Dec,255.21,251.131,261.36,120.526,204.541,487.409,119.705,136.976,445.059
All,2018,Annual,253.558,249.134,258.478,125.654,210.664,484.707,119.091,136.786,442.314
All,2019,Jan,256.417,251.688,262.284,122.422,202.57,490.204,120.265,137.055,446
All,2019,Feb,257.222,252.599,263.057,125.631,204.236,491.227,120.306,137.168,448.15
All,2019,Mar,257.724,252.087,263.886,125.785,208.836,492.306,120.743,137.082,448.471
All,2019,Apr,257.708,251.758,264.452,125.542,214.142,493.331,120.821,137.182,448.658
All,2019,May,258.11,252.101,265.137,124.429,215.391,494.928,120.254,137.199,449.896
All,2019,Jun,258.064,252.538,266.461,123.749,213.073,495.563,120.145,137.344,449.345
All,2019,Jul,258.274,253.129,267.101,122.161,213.405,497.687,120.128,137.595,451.709
All,2019,Aug,258.41,253.314,267.263,123.641,211.084,500.916,120.458,138.154,453.074
All,2019,Sep,258.943,253.261,267.822,127.009,209.35,501.468,120.357,138.409,453.193
All,2019,Oct,259.632,253.207,267.794,126.154,210.487,506.1,120.982,138.529,455.225
All,2019,Nov,259.467,252.463,267.925,122.986,209.763,507.541,121.381,138.92,456.262
All,2019,Dec,259.823,252.361,268.236,119.111,208.482,509.689,121.545,138.839,455.413
All,2019,Annual,258.316,252.542,265.952,124.052,210.068,498.413,120.615,137.79,451.283
All,2020,Jan,261.057,253.592,269.468,120.853,208.284,512.149,121.986,139.132,458.336
All,2020,Feb,261.876,254.831,270.281,124.438,207.772,513.923,122.067,139.256,460.144
All,2020,Mar,262.708,255.66,270.273,123.815,203.854,515.605,122.265,139.199,461.495
All,2020,Apr,266.757,256.423,270.184,118.394,193.732,517.053,121.935,139.378,461.294
All,2020,May,268.439,257.713,270.823,114.582,191.419,519.194,122.779,139.34,460.73
All,2020,Jun,269.77,258.033,271.831,114.734,195.609,520.734,122.015,139.258,462.149
All,2020,Jul,268.863,256.96,272.445,114.267,200.766,522.686,121.304,140.794,463.712
All,2020,Aug,269.079,257.678,272.866,116.299,202.386,523.295,122.074,141.32,462.847
All,2020,Sep,269.163,257.73,273.116,119.354,202.715,522.528,122.188,141.369,463.656
All,2020,Oct,269.828,258.936,273.014,119.172,203.086,520.725,122.581,141.469,463.919
All,2020,Nov,269.069,259.995,273.29,116.602,202.828,519.848,123.016,141.534,464.211
All,2020,Dec,270.023,259.397,273.684,114.434,203.56,518.766,122.692,141.549,466.332
All,2020,Annual,267.219,257.246,271.773,118.079,201.334,518.876,122.242,140.3,462.402
All,2021,Jan,270.938,259.765,274.336,117.785,205.631,522.133,122.14,141.556,467.995
All,2021,Feb,271.363,260.011,275.137,119.998,209.054,524.207,123.021,141.679,469.886
All,2021,Mar,271.812,260.652,276.028,120.746,215.761,524.734,123.567,141.289,472.607
All,2021,Apr,273.09,261.265,277.258,120.656,222.547,524.585,124.546,141.742,473.649
All,2021,May,274.212,261.711,278.648,120.951,229.689,523.918,124.769,142.002,473.011
All,2021,Jun,276.206,262.913,280.366,120.324,237.701,522.989,124.893,142.174,473.718
All,2021,Jul,278.127,263.226,281.604,119.078,239.722,524.219,125.588,142.386,477.103
All,2021,Aug,279.135,264.315,282.391,121.194,238.333,525.247,126.245,143.011,479.048
All,2021,Sep,281.506,264.98,283.744,123.406,236.373,524.818,126.438,143.807,479.525
All,2021,Oct,284.205,264.748,285.31,124.323,241.042,527.564,127.301,143.974,483.592
All,2021,Nov,285.507,264.957,286.308,122.383,245.532,528.877,126.952,143.884,484.683
All,2021,Dec,286.966,265.41,287.511,121.068,246.499,530.026,126.695,143.844,487.131
All,2021,Annual,277.756,262.829,280.72,120.993,230.657,525.276,125.18,142.612,476.829
All,2022,Jan,289.772,266.749,289.889,124.079,248.424,535.048,127.937,143.876,490.856
All,2022,Feb,292.794,269.128,291.504,127.868,253.15,536.932,129.116,143.913,496.045
All,2022,Mar,295.728,270.352,293.577,128.919,264.525,539.739,129.437,143.475,498.538
All,2022,Apr,298.711,271.376,295.259,127.126,266.892,541.515,129.892,143.212,500.673
All,2022,May,302.038,272.293,297.868,126.97,274.282,543.488,130.36,143.108,502.966
All,2022,Jun,305.041,273.537,300.927,126.619,284.644,546.717,130.677,143.335,505.312
All,2022,Jul,308.532,274.344,302.327,125.188,278.958,549.562,131.087,143.15,507.204
All,2022,Aug,310.875,275.627,304.506,127.328,270.334,553.429,131.437,143.687,510.892
All,2022,Sep,313.142,275.81,306.521,130.143,266.109,556.323,131.581,144.089,512.565
All,2022,Oct,315.323,278.009,307.816,129.414,267.979,554.043,132.49,143.988,514.958
